Workbook
Name Slicer_Branch_ID: #N/A
Name Slicer_Customer_Ranking: #N/A
Name Slicer_Membership_Type: #N/A

Sheet Name pool
A1: First_Name | B1: Last_Name
A2: Rahul | B2: Nair
A3: Arjun | B3: Menon
A4: Vivek | B4: Pillai
A5: Rohit | B5: Nambiar
A6: Aditya | B6: Iyer
A7: Karthik | B7: Reddy
A8: Siddharth | B8: Sharma
A9: Nikhil | B9: Gupta
A10: Manoj | B10: Agarwal
A11: Akash | B11: Singh
A12: Varun | B12: Yadav
... A35: Tanvi | B35: Lewis

Sheet Branch_Master
A1: A (Branch ID) | B1: B (City)
A2: BR01 | B2: Kochi
A3: BR02 | B3: Bangalore
A4: BR03 | B4: Chennai
A5: BR04 | B5: Hyderabad
A6: BR05 | B6: Mumbai
A7: BR06 | B7: Trivandrum
A8: BR07 | B8: Calicut

Sheet Raw_Data
A1: Member ID | B1: Member Name | C1: City | D1: Branch ID | E1: Membership Type | F1: Join Date | G1: Expiry Date | H1: Monthly Fee | I1: Total Payments | J1: Attendance | K1: Trainer Assigned | L1: Workout Goal | M1: Status | N1: Last Visit Date | Q1: City name messy | R1: Attendance messy | S1: Monthly fee messy | T1: Join date Messy | U1: Last visit date Messy
A2: ="MEM" & TEXT(ROW()-1,"0000") -> MEM0001 | B2: =INDEX('Name pool'!A:A, RANDBETWEEN(2, COUNTA('Name pool'!A:A))) & " " & INDEX('Name pool'!B:B, RANDBETWEEN(2, COUNTA('Name pool'!B:B))) -> Karthik Joshi | C2: Chennai | D2: =CHOOSE(RANDBETWEEN(1,7),"BR01","BR02","BR03","BR04","BR05","BR06","BR07") -> BR07 | E2: =CHOOSE(RANDBETWEEN(1,3),"Basic","Standard","Premium") -> Premium | F2: 45630 | G2: 45660 | H2: 1000 | I2: =H2 * RANDBETWEEN(1,12) -> 8000 | J2: 18 | K2: =CHOOSE(RANDBETWEEN(1,2),"Yes","No") -> No | L2: =CHOOSE(RANDBETWEEN(1,3),"Weight Loss","Muscle Gain","General Fitness") -> Weight Loss | M2: =IF(J2<5,IF(RANDBETWEEN(1,100)<70,"Cancelled","Active"),"Active") -> Active | N2: 46022 | Q2: =IF(RAND()<0.2, IF(RAND()<0.5, LOWER(C2), UPPER(C2)), C2 ) -> Chennai | R2: =IF(RAND()<0.15, J2 & " visits", J2 ) -> 18 | S2: =IF(RAND()<0.1, TEXT(H2,"0"), H2 ) -> 1000 | T2: =IF(F2="", DATE(2023,1,1)+RANDBETWEEN(0,900), F2) -> 45630 | U2: =IF( M2="Cancelled", F2 + RANDBETWEEN(5, DATEDIF(F2, G2, "D")), F2 + RANDBETWEEN(5, DATEDIF(F2, TODAY(), "D")) ) -> 46110
A3: ="MEM" & TEXT(ROW()-1,"0000") -> MEM0002 | B3: =INDEX('Name pool'!A:A, RANDBETWEEN(2, COUNTA('Name pool'!A:A))) & " " & INDEX('Name pool'!B:B, RANDBETWEEN(2, COUNTA('Name pool'!B:B))) -> Meera George | C3: Mumbai | D3: =CHOOSE(RANDBETWEEN(1,7),"BR01","BR02","BR03","BR04","BR05","BR06","BR07") -> BR01 | E3: =CHOOSE(RANDBETWEEN(1,3),"Basic","Standard","Premium") -> Basic | F3: 45446 | G3: 45536 | H3: 3500 | I3: =H3 * RANDBETWEEN(1,12) -> 17500 | J3: 0 visits | K3: =CHOOSE(RANDBETWEEN(1,2),"Yes","No") -> No | L3: =CHOOSE(RANDBETWEEN(1,3),"Weight Loss","Muscle Gain","General Fitness") -> Muscle Gain | M3: =IF(J3<5,IF(RANDBETWEEN(1,100)<70,"Cancelled","Active"),"Active") -> Active | N3: 46050 | Q3: =IF(RAND()<0.2, IF(RAND()<0.5, LOWER(C3), UPPER(C3)), C3 ) -> mumbai | R3: =IF(RAND()<0.15, J3 & " visits", J3 ) -> 0 visits visits | S3: =IF(RAND()<0.1, TEXT(H3,"0"), H3 ) -> 3500 | T3: =RANDBETWEEN(DATE(2023,1,1), DATE(2026,1,31)) -> 45233 | U3: =IF(AND(M3="Cancelled", RAND()<0.5), F3 + RANDBETWEEN(10,50), N3 ) -> 46050
A4: ="MEM" & TEXT(ROW()-1,"0000") -> MEM0003 | B4: =INDEX('Name pool'!A:A, RANDBETWEEN(2, COUNTA('Name pool'!A:A))) & " " & INDEX('Name pool'!B:B, RANDBETWEEN(2, COUNTA('Name pool'!B:B))) -> Fatima Das | C4: TRIVANDRUM | D4: =CHOOSE(RANDBETWEEN(1,7),"BR01","BR02","BR03","BR04","BR05","BR06","BR07") -> BR05 | E4: =CHOOSE(RANDBETWEEN(1,3),"Basic","Standard","Premium") -> Premium | F4: 44945 | G4: 45035 | H4: 3500 | I4: =H4 * RANDBETWEEN(1,12) -> 42000 | J4: 1 | K4: =CHOOSE(RANDBETWEEN(1,2),"Yes","No") -> No | L4: =CHOOSE(RANDBETWEEN(1,3),"Weight Loss","Muscle Gain","General Fitness") -> Weight Loss | M4: =IF(J4<5,IF(RANDBETWEEN(1,100)<70,"Cancelled","Active"),"Active") -> Active | N4: 45257 | Q4: =IF(RAND()<0.2, IF(RAND()<0.5, LOWER(C4), UPPER(C4)), C4 ) -> TRIVANDRUM | R4: =IF(RAND()<0.15, J4 & " visits", J4 ) -> 1 | S4: =IF(RAND()<0.1, TEXT(H4,"0"), H4 ) -> 3500 | T4: =RANDBETWEEN(DATE(2023,1,1), DATE(2026,1,31)) -> 45357 | U4: =IF(AND(M4="Cancelled", RAND()<0.5), F4 + RANDBETWEEN(10,50), N4 ) -> 45257
A5: ="MEM" & TEXT(ROW()-1,"0000") -> MEM0004 | B5: =INDEX('Name pool'!A:A, RANDBETWEEN(2, COUNTA('Name pool'!A:A))) & " " & INDEX('Name pool'!B:B, RANDBETWEEN(2, COUNTA('Name pool'!B:B))) -> Priya D’Souza | C5: Kochi | D5: =CHOOSE(RANDBETWEEN(1,7),"BR01","BR02","BR03","BR04","BR05","BR06","BR07") -> BR04 | E5: =CHOOSE(RANDBETWEEN(1,3),"Basic","Standard","Premium") -> Premium | F5: 45342 | G5: 45432 | H5: 3500 | I5: =H5 * RANDBETWEEN(1,12) -> 14000 | J5: 13 | K5: =CHOOSE(RANDBETWEEN(1,2),"Yes","No") -> Yes | L5: =CHOOSE(RANDBETWEEN(1,3),"Weight Loss","Muscle Gain","General Fitness") -> Weight Loss | M5: =IF(J5<5,IF(RANDBETWEEN(1,100)<70,"Cancelled","Active"),"Active") -> Active | N5: 45937 | Q5: =IF(RAND()<0.2, IF(RAND()<0.5, LOWER(C5), UPPER(C5)), C5 ) -> Kochi | R5: =IF(RAND()<0.15, J5 & " visits", J5 ) -> 13 | S5: =IF(RAND()<0.1, TEXT(H5,"0"), H5 ) -> 3500 | T5: =RANDBETWEEN(DATE(2023,1,1), DATE(2026,1,31)) -> 45581 | U5: =IF(AND(M5="Cancelled", RAND()<0.5), F5 + RANDBETWEEN(10,50), N5 ) -> 45937
A6: ="MEM" & TEXT(ROW()-1,"0000") -> MEM0005 | B6: =INDEX('Name pool'!A:A, RANDBETWEEN(2, COUNTA('Name pool'!A:A))) & " " & INDEX('Name pool'!B:B, RANDBETWEEN(2, COUNTA('Name pool'!B:B))) -> Sanjay Patel | C6: Mumbai | D6: =CHOOSE(RANDBETWEEN(1,7),"BR01","BR02","BR03","BR04","BR05","BR06","BR07") -> BR04 | E6: =CHOOSE(RANDBETWEEN(1,3),"Basic","Standard","Premium") -> Standard | F6: 45891 | G6: 46256 | H6: 1000 | I6: =H6 * RANDBETWEEN(1,12) -> 6000 | J6: 20 | K6: =CHOOSE(RANDBETWEEN(1,2),"Yes","No") -> No | L6: =CHOOSE(RANDBETWEEN(1,3),"Weight Loss","Muscle Gain","General Fitness") -> Weight Loss | M6: =IF(J6<5,IF(RANDBETWEEN(1,100)<70,"Cancelled","Active"),"Active") -> Active | N6: 45960 | Q6: =IF(RAND()<0.2, IF(RAND()<0.5, LOWER(C6), UPPER(C6)), C6 ) -> Mumbai | R6: =IF(RAND()<0.15, J6 & " visits", J6 ) -> 20 | S6: =IF(RAND()<0.1, TEXT(H6,"0"), H6 ) -> 1000 | T6: =RANDBETWEEN(DATE(2023,1,1), DATE(2026,1,31)) -> 44929 | U6: =IF(AND(M6="Cancelled", RAND()<0.5), F6 + RANDBETWEEN(10,50), N6 ) -> 45960
A7: ="MEM" & TEXT(ROW()-1,"0000") -> MEM0006 | B7: =INDEX('Name pool'!A:A, RANDBETWEEN(2, COUNTA('Name pool'!A:A))) & " " & INDEX('Name pool'!B:B, RANDBETWEEN(2, COUNTA('Name pool'!B:B))) -> Varun Yadav | C7: Mumbai | D7: =CHOOSE(RANDBETWEEN(1,7),"BR01","BR02","BR03","BR04","BR05","BR06","BR07") -> BR03 | E7: =CHOOSE(RANDBETWEEN(1,3),"Basic","Standard","Premium") -> Standard | F7: 45669 | G7: 46034 | H7: 3500 | I7: =H7 * RANDBETWEEN(1,12) -> 31500 | J7: 1 | K7: =CHOOSE(RANDBETWEEN(1,2),"Yes","No") -> No | L7: =CHOOSE(RANDBETWEEN(1,3),"Weight Loss","Muscle Gain","General Fitness") -> Weight Loss | M7: =IF(J7<5,IF(RANDBETWEEN(1,100)<70,"Cancelled","Active"),"Active") -> Cancelled | N7: 46011 | Q7: =IF(RAND()<0.2, IF(RAND()<0.5, LOWER(C7), UPPER(C7)), C7 ) -> Mumbai | R7: =IF(RAND()<0.15, J7 & " visits", J7 ) -> 1 | S7: =IF(RAND()<0.1, TEXT(H7,"0"), H7 ) -> 3500 | T7: =RANDBETWEEN(DATE(2023,1,1), DATE(2026,1,31)) -> 45732 | U7: =IF(AND(M7="Cancelled", RAND()<0.5), F7 + RANDBETWEEN(10,50), N7 ) -> 46011
A8: ="MEM" & TEXT(ROW()-1,"0000") -> MEM0007 | B8: =INDEX('Name pool'!A:A, RANDBETWEEN(2, COUNTA('Name pool'!A:A))) & " " & INDEX('Name pool'!B:B, RANDBETWEEN(2, COUNTA('Name pool'!B:B))) -> Zara Joshi | C8: Kochi | D8: =CHOOSE(RANDBETWEEN(1,7),"BR01","BR02","BR03","BR04","BR05","BR06","BR07") -> BR01 | E8: =CHOOSE(RANDBETWEEN(1,3),"Basic","Standard","Premium") -> Standard | F8: 45116 | G8: 45146 | H8: 3500 | I8: =H8 * RANDBETWEEN(1,12) -> 17500 | J8: 7 | K8: =CHOOSE(RANDBETWEEN(1,2),"Yes","No") -> No | L8: =CHOOSE(RANDBETWEEN(1,3),"Weight Loss","Muscle Gain","General Fitness") -> Weight Loss | M8: =IF(J8<5,IF(RANDBETWEEN(1,100)<70,"Cancelled","Active"),"Active") -> Active | N8: 45649 | Q8: =IF(RAND()<0.2, IF(RAND()<0.5, LOWER(C8), UPPER(C8)), C8 ) -> kochi | R8: =IF(RAND()<0.15, J8 & " visits", J8 ) -> 7 | S8: =IF(RAND()<0.1, TEXT(H8,"0"), H8 ) -> 3500 | T8: =RANDBETWEEN(DATE(2023,1,1), DATE(2026,1,31)) -> 45818 | U8: =IF(AND(M8="Cancelled", RAND()<0.5), F8 + RANDBETWEEN(10,50), N8 ) -> 45649
A9: ="MEM" & TEXT(ROW()-1,"0000") -> MEM0008 | B9: =INDEX('Name pool'!A:A, RANDBETWEEN(2, COUNTA('Name pool'!A:A))) & " " & INDEX('Name pool'!B:B, RANDBETWEEN(2, COUNTA('Name pool'!B:B))) -> Aditya Khan | C9: Calicut | D9: =CHOOSE(RANDBETWEEN(1,7),"BR01","BR02","BR03","BR04","BR05","BR06","BR07") -> BR01 | E9: =CHOOSE(RANDBETWEEN(1,3),"Basic","Standard","Premium") -> Standard | F9: 45986 | G9: 46076 | H9: 1000 | I9: =H9 * RANDBETWEEN(1,12) -> 3000 | J9: 8 visits | K9: =CHOOSE(RANDBETWEEN(1,2),"Yes","No") -> No | L9: =CHOOSE(RANDBETWEEN(1,3),"Weight Loss","Muscle Gain","General Fitness") -> Muscle Gain | M9: =IF(J9<5,IF(RANDBETWEEN(1,100)<70,"Cancelled","Active"),"Active") -> Active | N9: 46071 | Q9: =IF(RAND()<0.2, IF(RAND()<0.5, LOWER(C9), UPPER(C9)), C9 ) -> Calicut | R9: =IF(RAND()<0.15, J9 & " visits", J9 ) -> 8 visits | S9: =IF(RAND()<0.1, TEXT(H9,"0"), H9 ) -> 1000 | T9: =RANDBETWEEN(DATE(2023,1,1), DATE(2026,1,31)) -> 45392 | U9: =IF(AND(M9="Cancelled", RAND()<0.5), F9 + RANDBETWEEN(10,50), N9 ) -> 46071
A10: ="MEM" & TEXT(ROW()-1,"0000") -> MEM0009 | B10: =INDEX('Name pool'!A:A, RANDBETWEEN(2, COUNTA('Name pool'!A:A))) & " " & INDEX('Name pool'!B:B, RANDBETWEEN(2, COUNTA('Name pool'!B:B))) -> Lakshmi Shetty | C10: Bangalore | D10: =CHOOSE(RANDBETWEEN(1,7),"BR01","BR02","BR03","BR04","BR05","BR06","BR07") -> BR06 | E10: =CHOOSE(RANDBETWEEN(1,3),"Basic","Standard","Premium") -> Premium | F10: 45552 | G10: 45582 | H10: 2000 | I10: =H10 * RANDBETWEEN(1,12) -> 4000 | J10: 14 visits | K10: =CHOOSE(RANDBETWEEN(1,2),"Yes","No") -> Yes | L10: =CHOOSE(RANDBETWEEN(1,3),"Weight Loss","Muscle Gain","General Fitness") -> General Fitness | M10: =IF(J10<5,IF(RANDBETWEEN(1,100)<70,"Cancelled","Active"),"Active") -> Active | N10: 45846 | Q10: =IF(RAND()<0.2, IF(RAND()<0.5, LOWER(C10), UPPER(C10)), C10 ) -> BANGALORE | R10: =IF(RAND()<0.15, J10 & " visits", J10 ) -> 14 visits | S10: =IF(RAND()<0.1, TEXT(H10,"0"), H10 ) -> 2000 | T10: =RANDBETWEEN(DATE(2023,1,1), DATE(2026,1,31)) -> 45098 | U10: =IF(AND(M10="Cancelled", RAND()<0.5), F10 + RANDBETWEEN(10,50), N10 ) -> 45846
A11: ="MEM" & TEXT(ROW()-1,"0000") -> MEM0010 | B11: =INDEX('Name pool'!A:A, RANDBETWEEN(2, COUNTA('Name pool'!A:A))) & " " & INDEX('Name pool'!B:B, RANDBETWEEN(2, COUNTA('Name pool'!B:B))) -> Pooja Iyer | C11: Mumbai | D11: =CHOOSE(RANDBETWEEN(1,7),"BR01","BR02","BR03","BR04","BR05","BR06","BR07") -> BR03 | E11: =CHOOSE(RANDBETWEEN(1,3),"Basic","Standard","Premium") -> Basic | F11: 45390 | G11: 45420 | H11: 3500 | I11: =H11 * RANDBETWEEN(1,12) -> 24500 | J11: 15 | K11: =CHOOSE(RANDBETWEEN(1,2),"Yes","No") -> Yes | L11: =CHOOSE(RANDBETWEEN(1,3),"Weight Loss","Muscle Gain","General Fitness") -> Muscle Gain | M11: =IF(J11<5,IF(RANDBETWEEN(1,100)<70,"Cancelled","Active"),"Active") -> Active | N11: 45926 | Q11: =IF(RAND()<0.2, IF(RAND()<0.5, LOWER(C11), UPPER(C11)), C11 ) -> Mumbai | R11: =IF(RAND()<0.15, J11 & " visits", J11 ) -> 15 visits | S11: =IF(RAND()<0.1, TEXT(H11,"0"), H11 ) -> 3500 | T11: =RANDBETWEEN(DATE(2023,1,1), DATE(2026,1,31)) -> 45002 | U11: =IF(AND(M11="Cancelled", RAND()<0.5), F11 + RANDBETWEEN(10,50), N11 ) -> 45926
A12: ="MEM" & TEXT(ROW()-1,"0000") -> MEM0011 | B12: =INDEX('Name pool'!A:A, RANDBETWEEN(2, COUNTA('Name pool'!A:A))) & " " & INDEX('Name pool'!B:B, RANDBETWEEN(2, COUNTA('Name pool'!B:B))) -> Siddharth Shaikh | C12: Mumbai | D12: =CHOOSE(RANDBETWEEN(1,7),"BR01","BR02","BR03","BR04","BR05","BR06","BR07") -> BR01 | E12: =CHOOSE(RANDBETWEEN(1,3),"Basic","Standard","Premium") -> Standard | F12: 45093 | G12: 45458 | H12: 2000 | I12: =H12 * RANDBETWEEN(1,12) -> 2000 | J12: 23 visits | K12: =CHOOSE(RANDBETWEEN(1,2),"Yes","No") -> Yes | L12: =CHOOSE(RANDBETWEEN(1,3),"Weight Loss","Muscle Gain","General Fitness") -> General Fitness | M12: =IF(J12<5,IF(RANDBETWEEN(1,100)<70,"Cancelled","Active"),"Active") -> Active | N12: 45535 | Q12: =IF(RAND()<0.2, IF(RAND()<0.5, LOWER(C12), UPPER(C12)), C12 ) -> Mumbai | R12: =IF(RAND()<0.15, J12 & " visits", J12 ) -> 23 visits | S12: =IF(RAND()<0.1, TEXT(H12,"0"), H12 ) -> 2000 | T12: =RANDBETWEEN(DATE(2023,1,1), DATE(2026,1,31)) -> 45643 | U12: =IF(AND(M12="Cancelled", RAND()<0.5), F12 + RANDBETWEEN(10,50), N12 ) -> 45535
A13: ="MEM" & TEXT(ROW()-1,"0000") -> MEM0012 | B13: =INDEX('Name pool'!A:A, RANDBETWEEN(2, COUNTA('Name pool'!A:A))) & " " & INDEX('Name pool'!B:B, RANDBETWEEN(2, COUNTA('Name pool'!B:B))) -> Ishita Nambiar | C13: HYDERABAD | D13: =CHOOSE(RANDBETWEEN(1,7),"BR01","BR02","BR03","BR04","BR05","BR06","BR07") -> BR06 | E13: =CHOOSE(RANDBETWEEN(1,3),"Basic","Standard","Premium") -> Basic | F13: 45363 | G13: 45728 | H13: 2000 | I13: =H13 * RANDBETWEEN(1,12) -> 24000 | J13: 14 | K13: =CHOOSE(RANDBETWEEN(1,2),"Yes","No") -> Yes | L13: =CHOOSE(RANDBETWEEN(1,3),"Weight Loss","Muscle Gain","General Fitness") -> Weight Loss | M13: =IF(J13<5,IF(RANDBETWEEN(1,100)<70,"Cancelled","Active"),"Active") -> Active | N13: 46031 | Q13: =IF(RAND()<0.2, IF(RAND()<0.5, LOWER(C13), UPPER(C13)), C13 ) -> HYDERABAD | R13: =IF(RAND()<0.15, J13 & " visits", J13 ) -> 14 | S13: =IF(RAND()<0.1, TEXT(H13,"0"), H13 ) -> 2000 | T13: =RANDBETWEEN(DATE(2023,1,1), DATE(2026,1,31)) -> 45090 | U13: =IF(AND(M13="Cancelled", RAND()<0.5), F13 + RANDBETWEEN(10,50), N13 ) -> 46031
A14: ="MEM" & TEXT(ROW()-1,"0000") -> MEM0013 | B14: =INDEX('Name pool'!A:A, RANDBETWEEN(2, COUNTA('Name pool'!A:A))) & " " & INDEX('Name pool'!B:B, RANDBETWEEN(2, COUNTA('Name pool'!B:B))) -> Aditya Fernandes | C14: Chennai | D14: =CHOOSE(RANDBETWEEN(1,7),"BR01","BR02","BR03","BR04","BR05","BR06","BR07") -> BR05 | E14: =CHOOSE(RANDBETWEEN(1,3),"Basic","Standard","Premium") -> Premium | F14: 45518 | G14: 45548 | H14: 1000 | I14: =H14 * RANDBETWEEN(1,12) -> 2000 | J14: 15 | K14: =CHOOSE(RANDBETWEEN(1,2),"Yes","No") -> No | L14: =CHOOSE(RANDBETWEEN(1,3),"Weight Loss","Muscle Gain","General Fitness") -> General Fitness | M14: =IF(J14<5,IF(RANDBETWEEN(1,100)<70,"Cancelled","Active"),"Active") -> Active | N14: 45895 | Q14: =IF(RAND()<0.2, IF(RAND()<0.5, LOWER(C14), UPPER(C14)), C14 ) -> Chennai | R14: =IF(RAND()<0.15, J14 & " visits", J14 ) -> 15 | S14: =IF(RAND()<0.1, TEXT(H14,"0"), H14 ) -> 1000 | T14: =RANDBETWEEN(DATE(2023,1,1), DATE(2026,1,31)) -> 46041 | U14: =IF(AND(M14="Cancelled", RAND()<0.5), F14 + RANDBETWEEN(10,50), N14 ) -> 45895
A15: ="MEM" & TEXT(ROW()-1,"0000") -> MEM0014 | B15: =INDEX('Name pool'!A:A, RANDBETWEEN(2, COUNTA('Name pool'!A:A))) & " " & INDEX('Name pool'!B:B, RANDBETWEEN(2, COUNTA('Name pool'!B:B))) -> Pooja Agarwal | C15: Calicut | D15: =CHOOSE(RANDBETWEEN(1,7),"BR01","BR02","BR03","BR04","BR05","BR06","BR07") -> BR03 | E15: =CHOOSE(RANDBETWEEN(1,3),"Basic","Standard","Premium") -> Premium | F15: 45394 | G15: 45484 | H15: 1000 | I15: =H15 * RANDBETWEEN(1,12) -> 9000 | J15: 10 | K15: =CHOOSE(RANDBETWEEN(1,2),"Yes","No") -> No | L15: =CHOOSE(RANDBETWEEN(1,3),"Weight Loss","Muscle Gain","General Fitness") -> General Fitness | M15: =IF(J15<5,IF(RANDBETWEEN(1,100)<70,"Cancelled","Active"),"Active") -> Active | N15: 45802 | Q15: =IF(RAND()<0.2, IF(RAND()<0.5, LOWER(C15), UPPER(C15)), C15 ) -> Calicut | R15: =IF(RAND()<0.15, J15 & " visits", J15 ) -> 10 | S15: =IF(RAND()<0.1, TEXT(H15,"0"), H15 ) -> 1000 | T15: =RANDBETWEEN(DATE(2023,1,1), DATE(2026,1,31)) -> 45897 | U15: =IF(AND(M15="Cancelled", RAND()<0.5), F15 + RANDBETWEEN(10,50), N15 ) -> 45802
A16: ="MEM" & TEXT(ROW()-1,"0000") -> MEM0015 | B16: =INDEX('Name pool'!A:A, RANDBETWEEN(2, COUNTA('Name pool'!A:A))) & " " & INDEX('Name pool'!B:B, RANDBETWEEN(2, COUNTA('Name pool'!B:B))) -> Nikhil Verma | C16: Bangalore | D16: =CHOOSE(RANDBETWEEN(1,7),"BR01","BR02","BR03","BR04","BR05","BR06","BR07") -> BR05 | E16: =CHOOSE(RANDBETWEEN(1,3),"Basic","Standard","Premium") -> Standard | F16: 45496 | G16: 45861 | H16: 1000 | I16: =H16 * RANDBETWEEN(1,12) -> 8000 | J16: 21 | K16: =CHOOSE(RANDBETWEEN(1,2),"Yes","No") -> Yes | L16: =CHOOSE(RANDBETWEEN(1,3),"Weight Loss","Muscle Gain","General Fitness") -> Weight Loss | M16: =IF(J16<5,IF(RANDBETWEEN(1,100)<70,"Cancelled","Active"),"Active") -> Active | N16: 46003 | Q16: =IF(RAND()<0.2, IF(RAND()<0.5, LOWER(C16), UPPER(C16)), C16 ) -> Bangalore | R16: =IF(RAND()<0.15, J16 & " visits", J16 ) -> 21 | S16: =IF(RAND()<0.1, TEXT(H16,"0"), H16 ) -> 1000 | T16: =RANDBETWEEN(DATE(2023,1,1), DATE(2026,1,31)) -> 45695 | U16: =IF(AND(M16="Cancelled", RAND()<0.5), F16 + RANDBETWEEN(10,50), N16 ) -> 46003
A17: ="MEM" & TEXT(ROW()-1,"0000") -> MEM0016 | B17: =INDEX('Name pool'!A:A, RANDBETWEEN(2, COUNTA('Name pool'!A:A))) & " " & INDEX('Name pool'!B:B, RANDBETWEEN(2, COUNTA('Name pool'!B:B))) -> Riya Kapoor | C17: Bangalore | D17: =CHOOSE(RANDBETWEEN(1,7),"BR01","BR02","BR03","BR04","BR05","BR06","BR07") -> BR01 | E17: =CHOOSE(RANDBETWEEN(1,3),"Basic","Standard","Premium") -> Premium | F17: 45689 | G17: 45719 | H17: 3500 | I17: =H17 * RANDBETWEEN(1,12) -> 42000 | J17: 6 | K17: =CHOOSE(RANDBETWEEN(1,2),"Yes","No") -> Yes | L17: =CHOOSE(RANDBETWEEN(1,3),"Weight Loss","Muscle Gain","General Fitness") -> Muscle Gain | M17: =IF(J17<5,IF(RANDBETWEEN(1,100)<70,"Cancelled","Active"),"Active") -> Active | N17: 45758 | Q17: =IF(RAND()<0.2, IF(RAND()<0.5, LOWER(C17), UPPER(C17)), C17 ) -> Bangalore | R17: =IF(RAND()<0.15, J17 & " visits", J17 ) -> 6 | S17: =IF(RAND()<0.1, TEXT(H17,"0"), H17 ) -> 3500 | T17: =RANDBETWEEN(DATE(2023,1,1), DATE(2026,1,31)) -> 46019 | U17: =IF(AND(M17="Cancelled", RAND()<0.5), F17 + RANDBETWEEN(10,50), N17 ) -> 45758
A18: ="MEM" & TEXT(ROW()-1,"0000") -> MEM0017 | B18: =INDEX('Name pool'!A:A, RANDBETWEEN(2, COUNTA('Name pool'!A:A))) & " " & INDEX('Name pool'!B:B, RANDBETWEEN(2, COUNTA('Name pool'!B:B))) -> Deepak Agarwal | C18: Kochi | D18: =CHOOSE(RANDBETWEEN(1,7),"BR01","BR02","BR03","BR04","BR05","BR06","BR07") -> BR04 | E18: =CHOOSE(RANDBETWEEN(1,3),"Basic","Standard","Premium") -> Basic | F18: 45358 | G18: 45723 | H18: 3500 | I18: =H18 * RANDBETWEEN(1,12) -> 24500 | J18: 16 | K18: =CHOOSE(RANDBETWEEN(1,2),"Yes","No") -> Yes | L18: =CHOOSE(RANDBETWEEN(1,3),"Weight Loss","Muscle Gain","General Fitness") -> General Fitness | M18: =IF(J18<5,IF(RANDBETWEEN(1,100)<70,"Cancelled","Active"),"Active") -> Active | N18: 45412 | Q18: =IF(RAND()<0.2, IF(RAND()<0.5, LOWER(C18), UPPER(C18)), C18 ) -> Kochi | R18: =IF(RAND()<0.15, J18 & " visits", J18 ) -> 16 | S18: =IF(RAND()<0.1, TEXT(H18,"0"), H18 ) -> 3500 | T18: =RANDBETWEEN(DATE(2023,1,1), DATE(2026,1,31)) -> 45201 | U18: =IF(AND(M18="Cancelled", RAND()<0.5), F18 + RANDBETWEEN(10,50), N18 ) -> 45412
A19: ="MEM" & TEXT(ROW()-1,"0000") -> MEM0018 | B19: =INDEX('Name pool'!A:A, RANDBETWEEN(2, COUNTA('Name pool'!A:A))) & " " & INDEX('Name pool'!B:B, RANDBETWEEN(2, COUNTA('Name pool'!B:B))) -> Ankit Naidu | C19: Chennai | D19: =CHOOSE(RANDBETWEEN(1,7),"BR01","BR02","BR03","BR04","BR05","BR06","BR07") -> BR02 | E19: =CHOOSE(RANDBETWEEN(1,3),"Basic","Standard","Premium") -> Premium | F19: 45872 | G19: 46237 | H19: 3500 | I19: =H19 * RANDBETWEEN(1,12) -> 38500 | J19: 14 | K19: =CHOOSE(RANDBETWEEN(1,2),"Yes","No") -> Yes | L19: =CHOOSE(RANDBETWEEN(1,3),"Weight Loss","Muscle Gain","General Fitness") -> Muscle Gain | M19: =IF(J19<5,IF(RANDBETWEEN(1,100)<70,"Cancelled","Active"),"Active") -> Active | N19: 46059 | Q19: =IF(RAND()<0.2, IF(RAND()<0.5, LOWER(C19), UPPER(C19)), C19 ) -> chennai | R19: =IF(RAND()<0.15, J19 & " visits", J19 ) -> 14 visits | S19: =IF(RAND()<0.1, TEXT(H19,"0"), H19 ) -> 3500 | T19: =RANDBETWEEN(DATE(2023,1,1), DATE(2026,1,31)) -> 45559 | U19: =IF(AND(M19="Cancelled", RAND()<0.5), F19 + RANDBETWEEN(10,50), N19 ) -> 46059
A20: ="MEM" & TEXT(ROW()-1,"0000") -> MEM0019 | B20: =INDEX('Name pool'!A:A, RANDBETWEEN(2, COUNTA('Name pool'!A:A))) & " " & INDEX('Name pool'!B:B, RANDBETWEEN(2, COUNTA('Name pool'!B:B))) -> Fatima Gupta | C20: Calicut | D20: =CHOOSE(RANDBETWEEN(1,7),"BR01","BR02","BR03","BR04","BR05","BR06","BR07") -> BR07 | E20: =CHOOSE(RANDBETWEEN(1,3),"Basic","Standard","Premium") -> Basic | F20: 45429 | G20: 45459 | H20: 3500 | I20: =H20 * RANDBETWEEN(1,12) -> 24500 | J20: 23 | K20: =CHOOSE(RANDBETWEEN(1,2),"Yes","No") -> Yes | L20: =CHOOSE(RANDBETWEEN(1,3),"Weight Loss","Muscle Gain","General Fitness") -> General Fitness | M20: =IF(J20<5,IF(RANDBETWEEN(1,100)<70,"Cancelled","Active"),"Active") -> Active | N20: 46072 | Q20: =IF(RAND()<0.2, IF(RAND()<0.5, LOWER(C20), UPPER(C20)), C20 ) -> calicut | R20: =IF(RAND()<0.15, J20 & " visits", J20 ) -> 23 | S20: =IF(RAND()<0.1, TEXT(H20,"0"), H20 ) -> 3500 | T20: =RANDBETWEEN(DATE(2023,1,1), DATE(2026,1,31)) -> 45370 | U20: =IF(AND(M20="Cancelled", RAND()<0.5), F20 + RANDBETWEEN(10,50), N20 ) -> 46072
A21: ="MEM" & TEXT(ROW()-1,"0000") -> MEM0020 | B21: =INDEX('Name pool'!A:A, RANDBETWEEN(2, COUNTA('Name pool'!A:A))) & " " & INDEX('Name pool'!B:B, RANDBETWEEN(2, COUNTA('Name pool'!B:B))) -> Priya Gupta | C21: Trivandrum | D21: =CHOOSE(RANDBETWEEN(1,7),"BR01","BR02","BR03","BR04","BR05","BR06","BR07") -> BR06 | E21: =CHOOSE(RANDBETWEEN(1,3),"Basic","Standard","Premium") -> Basic | F21: 44974 | G21: 45004 | H21: 2000 | I21: =H21 * RANDBETWEEN(1,12) -> 6000 | J21: 19 | K21: =CHOOSE(RANDBETWEEN(1,2),"Yes","No") -> Yes | L21: =CHOOSE(RANDBETWEEN(1,3),"Weight Loss","Muscle Gain","General Fitness") -> Weight Loss | M21: =IF(J21<5,IF(RANDBETWEEN(1,100)<70,"Cancelled","Active"),"Active") -> Active | N21: 45123 | Q21: =IF(RAND()<0.2, IF(RAND()<0.5, LOWER(C21), UPPER(C21)), C21 ) -> Trivandrum | R21: =IF(RAND()<0.15, J21 & " visits", J21 ) -> 19 | S21: =IF(RAND()<0.1, TEXT(H21,"0"), H21 ) -> 2000 | T21: =RANDBETWEEN(DATE(2023,1,1), DATE(2026,1,31)) -> 45143 | U21: =IF(AND(M21="Cancelled", RAND()<0.5), F21 + RANDBETWEEN(10,50), N21 ) -> 45123
A22: ="MEM" & TEXT(ROW()-1,"0000") -> MEM0021 | B22: =INDEX('Name pool'!A:A, RANDBETWEEN(2, COUNTA('Name pool'!A:A))) & " " & INDEX('Name pool'!B:B, RANDBETWEEN(2, COUNTA('Name pool'!B:B))) -> Rohit Singh | C22: Trivandrum | D22: =CHOOSE(RANDBETWEEN(1,7),"BR01","BR02","BR03","BR04","BR05","BR06","BR07") -> BR07 | E22: =CHOOSE(RANDBETWEEN(1,3),"Basic","Standard","Premium") -> Basic | F22: 45629 | G22: 45659 | H22: 3500 | I22: =H22 * RANDBETWEEN(1,12) -> 3500 | J22: 17 visits | K22: =CHOOSE(RANDBETWEEN(1,2),"Yes","No") -> No | L22: =CHOOSE(RANDBETWEEN(1,3),"Weight Loss","Muscle Gain","General Fitness") -> Weight Loss | M22: =IF(J22<5,IF(RANDBETWEEN(1,100)<70,"Cancelled","Active"),"Active") -> Active | N22: 45950 | Q22: =IF(RAND()<0.2, IF(RAND()<0.5, LOWER(C22), UPPER(C22)), C22 ) -> Trivandrum | R22: =IF(RAND()<0.15, J22 & " visits", J22 ) -> 17 visits visits | S22: =IF(RAND()<0.1, TEXT(H22,"0"), H22 ) -> 3500 | T22: =RANDBETWEEN(DATE(2023,1,1), DATE(2026,1,31)) -> 45979 | U22: =IF(AND(M22="Cancelled", RAND()<0.5), F22 + RANDBETWEEN(10,50), N22 ) -> 45950
A23: ="MEM" & TEXT(ROW()-1,"0000") -> MEM0022 | B23: =INDEX('Name pool'!A:A, RANDBETWEEN(2, COUNTA('Name pool'!A:A))) & " " & INDEX('Name pool'!B:B, RANDBETWEEN(2, COUNTA('Name pool'!B:B))) -> Zara Menon | C23: trivandrum | D23: =CHOOSE(RANDBETWEEN(1,7),"BR01","BR02","BR03","BR04","BR05","BR06","BR07") -> BR04 | E23: =CHOOSE(RANDBETWEEN(1,3),"Basic","Standard","Premium") -> Basic | F23: 45326 | G23: 45356 | H23: 1000 | I23: =H23 * RANDBETWEEN(1,12) -> 2000 | J23: 18 | K23: =CHOOSE(RANDBETWEEN(1,2),"Yes","No") -> Yes | L23: =CHOOSE(RANDBETWEEN(1,3),"Weight Loss","Muscle Gain","General Fitness") -> General Fitness | M23: =IF(J23<5,IF(RANDBETWEEN(1,100)<70,"Cancelled","Active"),"Active") -> Active | N23: 45865 | Q23: =IF(RAND()<0.2, IF(RAND()<0.5, LOWER(C23), UPPER(C23)), C23 ) -> TRIVANDRUM | R23: =IF(RAND()<0.15, J23 & " visits", J23 ) -> 18 visits | S23: =IF(RAND()<0.1, TEXT(H23,"0"), H23 ) -> 1000 | T23: =RANDBETWEEN(DATE(2023,1,1), DATE(2026,1,31)) -> 45518 | U23: =IF(AND(M23="Cancelled", RAND()<0.5), F23 + RANDBETWEEN(10,50), N23 ) -> 45865
A24: ="MEM" & TEXT(ROW()-1,"0000") -> MEM0023 | B24: =INDEX('Name pool'!A:A, RANDBETWEEN(2, COUNTA('Name pool'!A:A))) & " " & INDEX('Name pool'!B:B, RANDBETWEEN(2, COUNTA('Name pool'!B:B))) -> Harish Desai | C24: Bangalore | D24: =CHOOSE(RANDBETWEEN(1,7),"BR01","BR02","BR03","BR04","BR05","BR06","BR07") -> BR07 | E24: =CHOOSE(RANDBETWEEN(1,3),"Basic","Standard","Premium") -> Basic | F24: 45858 | G24: 46223 | H24: 1000 | I24: =H24 * RANDBETWEEN(1,12) -> 5000 | J24: 9 | K24: =CHOOSE(RANDBETWEEN(1,2),"Yes","No") -> Yes | L24: =CHOOSE(RANDBETWEEN(1,3),"Weight Loss","Muscle Gain","General Fitness") -> General Fitness | M24: =IF(J24<5,IF(RANDBETWEEN(1,100)<70,"Cancelled","Active"),"Active") -> Active | N24: 46102 | Q24: =IF(RAND()<0.2, IF(RAND()<0.5, LOWER(C24), UPPER(C24)), C24 ) -> Bangalore | R24: =IF(RAND()<0.15, J24 & " visits", J24 ) -> 9 | S24: =IF(RAND()<0.1, TEXT(H24,"0"), H24 ) -> 1000 | T24: =RANDBETWEEN(DATE(2023,1,1), DATE(2026,1,31)) -> 45922 | U24: =IF(AND(M24="Cancelled", RAND()<0.5), F24 + RANDBETWEEN(10,50), N24 ) -> 46102
A25: ="MEM" & TEXT(ROW()-1,"0000") -> MEM0024 | B25: =INDEX('Name pool'!A:A, RANDBETWEEN(2, COUNTA('Name pool'!A:A))) & " " & INDEX('Name pool'!B:B, RANDBETWEEN(2, COUNTA('Name pool'!B:B))) -> Harish Desai | C25: Kochi | D25: =CHOOSE(RANDBETWEEN(1,7),"BR01","BR02","BR03","BR04","BR05","BR06","BR07") -> BR03 | E25: =CHOOSE(RANDBETWEEN(1,3),"Basic","Standard","Premium") -> Basic | F25: 45814 | G25: 45904 | H25: 1000 | I25: =H25 * RANDBETWEEN(1,12) -> 5000 | J25: 4 | K25: =CHOOSE(RANDBETWEEN(1,2),"Yes","No") -> No | L25: =CHOOSE(RANDBETWEEN(1,3),"Weight Loss","Muscle Gain","General Fitness") -> Weight Loss | M25: =IF(J25<5,IF(RANDBETWEEN(1,100)<70,"Cancelled","Active"),"Active") -> Active | N25: 45855 | Q25: =IF(RAND()<0.2, IF(RAND()<0.5, LOWER(C25), UPPER(C25)), C25 ) -> kochi | R25: =IF(RAND()<0.15, J25 & " visits", J25 ) -> 4 | S25: =IF(RAND()<0.1, TEXT(H25,"0"), H25 ) -> 1000 | T25: =RANDBETWEEN(DATE(2023,1,1), DATE(2026,1,31)) -> 44937 | U25: =IF(AND(M25="Cancelled", RAND()<0.5), F25 + RANDBETWEEN(10,50), N25 ) -> 45855
A26: ="MEM" & TEXT(ROW()-1,"0000") -> MEM0025 | B26: =INDEX('Name pool'!A:A, RANDBETWEEN(2, COUNTA('Name pool'!A:A))) & " " & INDEX('Name pool'!B:B, RANDBETWEEN(2, COUNTA('Name pool'!B:B))) -> Ayesha Nair | C26: Hyderabad | D26: =CHOOSE(RANDBETWEEN(1,7),"BR01","BR02","BR03","BR04","BR05","BR06","BR07") -> BR07 | E26: =CHOOSE(RANDBETWEEN(1,3),"Basic","Standard","Premium") -> Standard | F26: 45963 | G26: 46328 | H26: 1000 | I26: =H26 * RANDBETWEEN(1,12) -> 4000 | J26: 13 | K26: =CHOOSE(RANDBETWEEN(1,2),"Yes","No") -> Yes | L26: =CHOOSE(RANDBETWEEN(1,3),"Weight Loss","Muscle Gain","General Fitness") -> General Fitness | M26: =IF(J26<5,IF(RANDBETWEEN(1,100)<70,"Cancelled","Active"),"Active") -> Active | N26: 46058 | Q26: =IF(RAND()<0.2, IF(RAND()<0.5, LOWER(C26), UPPER(C26)), C26 ) -> Hyderabad | R26: =IF(RAND()<0.15, J26 & " visits", J26 ) -> 13 | S26: =IF(RAND()<0.1, TEXT(H26,"0"), H26 ) -> 1000 | T26: =RANDBETWEEN(DATE(2023,1,1), DATE(2026,1,31)) -> 45163 | U26: =IF(AND(M26="Cancelled", RAND()<0.5), F26 + RANDBETWEEN(10,50), N26 ) -> 46058
A27: ="MEM" & TEXT(ROW()-1,"0000") -> MEM0026 | B27: =INDEX('Name pool'!A:A, RANDBETWEEN(2, COUNTA('Name pool'!A:A))) & " " & INDEX('Name pool'!B:B, RANDBETWEEN(2, COUNTA('Name pool'!B:B))) -> Shreya Lewis | C27: Chennai | D27: =CHOOSE(RANDBETWEEN(1,7),"BR01","BR02","BR03","BR04","BR05","BR06","BR07") -> BR04 | E27: =CHOOSE(RANDBETWEEN(1,3),"Basic","Standard","Premium") -> Premium | F27: 45571 | G27: 45661 | H27: 3500 | I27: =H27 * RANDBETWEEN(1,12) -> 21000 | J27: 12 | K27: =CHOOSE(RANDBETWEEN(1,2),"Yes","No") -> No | L27: =CHOOSE(RANDBETWEEN(1,3),"Weight Loss","Muscle Gain","General Fitness") -> Muscle Gain | M27: =IF(J27<5,IF(RANDBETWEEN(1,100)<70,"Cancelled","Active"),"Active") -> Active | N27: 45686 | Q27: =IF(RAND()<0.2, IF(RAND()<0.5, LOWER(C27), UPPER(C27)), C27 ) -> Chennai | R27: =IF(RAND()<0.15, J27 & " visits", J27 ) -> 12 | S27: =IF(RAND()<0.1, TEXT(H27,"0"), H27 ) -> 3500 | T27: =RANDBETWEEN(DATE(2023,1,1), DATE(2026,1,31)) -> 45613 | U27: =IF(AND(M27="Cancelled", RAND()<0.5), F27 + RANDBETWEEN(10,50), N27 ) -> 45686
A28: ="MEM" & TEXT(ROW()-1,"0000") -> MEM0027 | B28: =INDEX('Name pool'!A:A, RANDBETWEEN(2, COUNTA('Name pool'!A:A))) & " " & INDEX('Name pool'!B:B, RANDBETWEEN(2, COUNTA('Name pool'!B:B))) -> Fatima Reddy | C28: Kochi | D28: =CHOOSE(RANDBETWEEN(1,7),"BR01","BR02","BR03","BR04","BR05","BR06","BR07") -> BR05 | E28: =CHOOSE(RANDBETWEEN(1,3),"Basic","Standard","Premium") -> Standard | F28: 44959 | G28: 44989 | H28: 3500 | I28: =H28 * RANDBETWEEN(1,12) -> 21000 | J28: 16 | K28: =CHOOSE(RANDBETWEEN(1,2),"Yes","No") -> No | L28: =CHOOSE(RANDBETWEEN(1,3),"Weight Loss","Muscle Gain","General Fitness") -> General Fitness | M28: =IF(J28<5,IF(RANDBETWEEN(1,100)<70,"Cancelled","Active"),"Active") -> Active | N28: 45950 | Q28: =IF(RAND()<0.2, IF(RAND()<0.5, LOWER(C28), UPPER(C28)), C28 ) -> Kochi | R28: =IF(RAND()<0.15, J28 & " visits", J28 ) -> 16 | S28: =IF(RAND()<0.1, TEXT(H28,"0"), H28 ) -> 3500 | T28: =RANDBETWEEN(DATE(2023,1,1), DATE(2026,1,31)) -> 45229 | U28: =IF(AND(M28="Cancelled", RAND()<0.5), F28 + RANDBETWEEN(10,50), N28 ) -> 45950
A29: ="MEM" & TEXT(ROW()-1,"0000") -> MEM0028 | B29: =INDEX('Name pool'!A:A, RANDBETWEEN(2, COUNTA('Name pool'!A:A))) & " " & INDEX('Name pool'!B:B, RANDBETWEEN(2, COUNTA('Name pool'!B:B))) -> Pooja Fernandes | C29: Chennai | D29: =CHOOSE(RANDBETWEEN(1,7),"BR01","BR02","BR03","BR04","BR05","BR06","BR07") -> BR07 | E29: =CHOOSE(RANDBETWEEN(1,3),"Basic","Standard","Premium") -> Standard | F29: 45097 | G29: 45462 | H29: 1000 | I29: =H29 * RANDBETWEEN(1,12) -> 10000 | J29: 17 | K29: =CHOOSE(RANDBETWEEN(1,2),"Yes","No") -> No | L29: =CHOOSE(RANDBETWEEN(1,3),"Weight Loss","Muscle Gain","General Fitness") -> Muscle Gain | M29: =IF(J29<5,IF(RANDBETWEEN(1,100)<70,"Cancelled","Active"),"Active") -> Active | N29: 45499 | Q29: =IF(RAND()<0.2, IF(RAND()<0.5, LOWER(C29), UPPER(C29)), C29 ) -> Chennai | R29: =IF(RAND()<0.15, J29 & " visits", J29 ) -> 17 | S29: =IF(RAND()<0.1, TEXT(H29,"0"), H29 ) -> 1000 | T29: =RANDBETWEEN(DATE(2023,1,1), DATE(2026,1,31)) -> 46030 | U29: =IF(AND(M29="Cancelled", RAND()<0.5), F29 + RANDBETWEEN(10,50), N29 ) -> 45499
A30: ="MEM" & TEXT(ROW()-1,"0000") -> MEM0029 | B30: =INDEX('Name pool'!A:A, RANDBETWEEN(2, COUNTA('Name pool'!A:A))) & " " & INDEX('Name pool'!B:B, RANDBETWEEN(2, COUNTA('Name pool'!B:B))) -> Siddharth Shetty | C30: Chennai | D30: =CHOOSE(RANDBETWEEN(1,7),"BR01","BR02","BR03","BR04","BR05","BR06","BR07") -> BR07 | E30: =CHOOSE(RANDBETWEEN(1,3),"Basic","Standard","Premium") -> Basic | F30: 45971 | G30: 46336 | H30: 3500 | I30: =H30 * RANDBETWEEN(1,12) -> 10500 | J30: 1 | K30: =CHOOSE(RANDBETWEEN(1,2),"Yes","No") -> No | L30: =CHOOSE(RANDBETWEEN(1,3),"Weight Loss","Muscle Gain","General Fitness") -> Muscle Gain | M30: =IF(J30<5,IF(RANDBETWEEN(1,100)<70,"Cancelled","Active"),"Active") -> Active | N30: 46110 | Q30: =IF(RAND()<0.2, IF(RAND()<0.5, LOWER(C30), UPPER(C30)), C30 ) -> Chennai | R30: =IF(RAND()<0.15, J30 & " visits", J30 ) -> 1 | S30: =IF(RAND()<0.1, TEXT(H30,"0"), H30 ) -> 3500 | T30: =RANDBETWEEN(DATE(2023,1,1), DATE(2026,1,31)) -> 45727 | U30: =IF(AND(M30="Cancelled", RAND()<0.5), F30 + RANDBETWEEN(10,50), N30 ) -> 46110
A31: ="MEM" & TEXT(ROW()-1,"0000") -> MEM0030 | B31: =INDEX('Name pool'!A:A, RANDBETWEEN(2, COUNTA('Name pool'!A:A))) & " " & INDEX('Name pool'!B:B, RANDBETWEEN(2, COUNTA('Name pool'!B:B))) -> Riya Gupta | C31: Bangalore | D31: =CHOOSE(RANDBETWEEN(1,7),"BR01","BR02","BR03","BR04","BR05","BR06","BR07") -> BR01 | E31: =CHOOSE(RANDBETWEEN(1,3),"Basic","Standard","Premium") -> Premium | F31: 44988 | G31: 45353 | H31: 3500 | I31: =H31 * RANDBETWEEN(1,12) -> 17500 | J31: 0 | K31: =CHOOSE(RANDBETWEEN(1,2),"Yes","No") -> Yes | L31: =CHOOSE(RANDBETWEEN(1,3),"Weight Loss","Muscle Gain","General Fitness") -> General Fitness | M31: =IF(J31<5,IF(RANDBETWEEN(1,100)<70,"Cancelled","Active"),"Active") -> Cancelled | N31: 45264 | Q31: =IF(RAND()<0.2, IF(RAND()<0.5, LOWER(C31), UPPER(C31)), C31 ) -> Bangalore | R31: =IF(RAND()<0.15, J31 & " visits", J31 ) -> 0 | S31: =IF(RAND()<0.1, TEXT(H31,"0"), H31 ) -> 3500 | T31: =RANDBETWEEN(DATE(2023,1,1), DATE(2026,1,31)) -> 45725 | U31: =IF(AND(M31="Cancelled", RAND()<0.5), F31 + RANDBETWEEN(10,50), N31 ) -> 45264
A32: ="MEM" & TEXT(ROW()-1,"0000") -> MEM0031 | B32: =INDEX('Name pool'!A:A, RANDBETWEEN(2, COUNTA('Name pool'!A:A))) & " " & INDEX('Name pool'!B:B, RANDBETWEEN(2, COUNTA('Name pool'!B:B))) -> Karthik George | C32: Bangalore | D32: =CHOOSE(RANDBETWEEN(1,7),"BR01","BR02","BR03","BR04","BR05","BR06","BR07") -> BR07 | E32: =CHOOSE(RANDBETWEEN(1,3),"Basic","Standard","Premium") -> Premium | F32: 45493 | G32: 45583 | H32: 2000 | I32: =H32 * RANDBETWEEN(1,12) -> 18000 | J32: 19 | K32: =CHOOSE(RANDBETWEEN(1,2),"Yes","No") -> No | L32: =CHOOSE(RANDBETWEEN(1,3),"Weight Loss","Muscle Gain","General Fitness") -> Muscle Gain | M32: =IF(J32<5,IF(RANDBETWEEN(1,100)<70,"Cancelled","Active"),"Active") -> Active | N32: 45827 | Q32: =IF(RAND()<0.2, IF(RAND()<0.5, LOWER(C32), UPPER(C32)), C32 ) -> Bangalore | R32: =IF(RAND()<0.15, J32 & " visits", J32 ) -> 19 | S32: =IF(RAND()<0.1, TEXT(H32,"0"), H32 ) -> 2000 | T32: =RANDBETWEEN(DATE(2023,1,1), DATE(2026,1,31)) -> 45058 | U32: =IF(AND(M32="Cancelled", RAND()<0.5), F32 + RANDBETWEEN(10,50), N32 ) -> 45827
A33: ="MEM" & TEXT(ROW()-1,"0000") -> MEM0032 | B33: =INDEX('Name pool'!A:A, RANDBETWEEN(2, COUNTA('Name pool'!A:A))) & " " & INDEX('Name pool'!B:B, RANDBETWEEN(2, COUNTA('Name pool'!B:B))) -> Meera Reddy | C33: Calicut | D33: =CHOOSE(RANDBETWEEN(1,7),"BR01","BR02","BR03","BR04","BR05","BR06","BR07") -> BR02 | E33: =CHOOSE(RANDBETWEEN(1,3),"Basic","Standard","Premium") -> Basic | F33: 45247 | G33: 45337 | H33: 3500 | I33: =H33 * RANDBETWEEN(1,12) -> 31500 | J33: 11 | K33: =CHOOSE(RANDBETWEEN(1,2),"Yes","No") -> No | L33: =CHOOSE(RANDBETWEEN(1,3),"Weight Loss","Muscle Gain","General Fitness") -> Muscle Gain | M33: =IF(J33<5,IF(RANDBETWEEN(1,100)<70,"Cancelled","Active"),"Active") -> Active | N33: 45987 | Q33: =IF(RAND()<0.2, IF(RAND()<0.5, LOWER(C33), UPPER(C33)), C33 ) -> Calicut | R33: =IF(RAND()<0.15, J33 & " visits", J33 ) -> 11 | S33: =IF(RAND()<0.1, TEXT(H33,"0"), H33 ) -> 3500 | T33: =RANDBETWEEN(DATE(2023,1,1), DATE(2026,1,31)) -> 45879 | U33: =IF(AND(M33="Cancelled", RAND()<0.5), F33 + RANDBETWEEN(10,50), N33 ) -> 45987
A34: ="MEM" & TEXT(ROW()-1,"0000") -> MEM0033 | B34: =INDEX('Name pool'!A:A, RANDBETWEEN(2, COUNTA('Name pool'!A:A))) & " " & INDEX('Name pool'!B:B, RANDBETWEEN(2, COUNTA('Name pool'!B:B))) -> Varun George | C34: Hyderabad | D34: =CHOOSE(RANDBETWEEN(1,7),"BR01","BR02","BR03","BR04","BR05","BR06","BR07") -> BR07 | E34: =CHOOSE(RANDBETWEEN(1,3),"Basic","Standard","Premium") -> Basic | F34: 45276 | G34: 45641 | H34: 2000 | I34: =H34 * RANDBETWEEN(1,12) -> 12000 | J34: 21 | K34: =CHOOSE(RANDBETWEEN(1,2),"Yes","No") -> Yes | L34: =CHOOSE(RANDBETWEEN(1,3),"Weight Loss","Muscle Gain","General Fitness") -> Muscle Gain | M34: =IF(J34<5,IF(RANDBETWEEN(1,100)<70,"Cancelled","Active"),"Active") -> Active | N34: 45981 | Q34: =IF(RAND()<0.2, IF(RAND()<0.5, LOWER(C34), UPPER(C34)), C34 ) -> Hyderabad | R34: =IF(RAND()<0.15, J34 & " visits", J34 ) -> 21 | S34: =IF(RAND()<0.1, TEXT(H34,"0"), H34 ) -> 2000 | T34: =RANDBETWEEN(DATE(2023,1,1), DATE(2026,1,31)) -> 45130 | U34: =IF(AND(M34="Cancelled", RAND()<0.5), F34 + RANDBETWEEN(10,50), N34 ) -> 45981
... A38: ="MEM" & TEXT(ROW()-1,"0000") -> MEM0037 | B38: =INDEX('Name pool'!A:A, RANDBETWEEN(2, COUNTA('Name pool'!A:A))) & " " & INDEX('Name pool'!B:B, RANDBETWEEN(2, COUNTA('Name pool'!B:B))) -> Ayesha Nair | C38: Kochi | D38: =CHOOSE(RANDBETWEEN(1,7),"BR01","BR02","BR03","BR04","BR05","BR06","BR07") -> BR05 | E38: =CHOOSE(RANDBETWEEN(1,3),"Basic","Standard","Premium") -> Standard | F38: 45855 | G38: 45945 | H38: 3500 | I38: =H38 * RANDBETWEEN(1,12) -> 3500 | J38: 13 | K38: =CHOOSE(RANDBETWEEN(1,2),"Yes","No") -> No | L38: =CHOOSE(RANDBETWEEN(1,3),"Weight Loss","Muscle Gain","General Fitness") -> Weight Loss | M38: =IF(J38<5,IF(RANDBETWEEN(1,100)<70,"Cancelled","Active"),"Active") -> Active | N38: 46053 | Q38: =IF(RAND()<0.2, IF(RAND()<0.5, LOWER(C38), UPPER(C38)), C38 ) -> Kochi | R38: =IF(RAND()<0.15, J38 & " visits", J38 ) -> 13 | S38: =IF(RAND()<0.1, TEXT(H38,"0"), H38 ) -> 3500 | T38: =RANDBETWEEN(DATE(2023,1,1), DATE(2026,1,31)) -> 45858 | U38: =IF(AND(M38="Cancelled", RAND()<0.5), F38 + RANDBETWEEN(10,50), N38 ) -> 46053
A39: ="MEM" & TEXT(ROW()-1,"0000") -> MEM0038 | B39: =INDEX('Name pool'!A:A, RANDBETWEEN(2, COUNTA('Name pool'!A:A))) & " " & INDEX('Name pool'!B:B, RANDBETWEEN(2, COUNTA('Name pool'!B:B))) -> Akash Mathew | C39: Chennai | D39: =CHOOSE(RANDBETWEEN(1,7),"BR01","BR02","BR03","BR04","BR05","BR06","BR07") -> BR02 | E39: =CHOOSE(RANDBETWEEN(1,3),"Basic","Standard","Premium") -> Basic | F39: 45673 | G39: 45763 | H39: 3500 | I39: =H39 * RANDBETWEEN(1,12) -> 17500 | J39: 13 | K39: =CHOOSE(RANDBETWEEN(1,2),"Yes","No") -> Yes | L39: =CHOOSE(RANDBETWEEN(1,3),"Weight Loss","Muscle Gain","General Fitness") -> Muscle Gain | M39: =IF(J39<5,IF(RANDBETWEEN(1,100)<70,"Cancelled","Active"),"Active") -> Active | N39: 45759 | Q39: =IF(RAND()<0.2, IF(RAND()<0.5, LOWER(C39), UPPER(C39)), C39 ) -> Chennai | R39: =IF(RAND()<0.15, J39 & " visits", J39 ) -> 13 | S39: =IF(RAND()<0.1, TEXT(H39,"0"), H39 ) -> 3500 | T39: =RANDBETWEEN(DATE(2023,1,1), DATE(2026,1,31)) -> 45670 | U39: =IF(AND(M39="Cancelled", RAND()<0.5), F39 + RANDBETWEEN(10,50), N39 ) -> 45759
A40: ="MEM" & TEXT(ROW()-1,"0000") -> MEM0039 | B40: =INDEX('Name pool'!A:A, RANDBETWEEN(2, COUNTA('Name pool'!A:A))) & " " & INDEX('Name pool'!B:B, RANDBETWEEN(2, COUNTA('Name pool'!B:B))) -> Neha Menon | C40: Hyderabad | D40: =CHOOSE(RANDBETWEEN(1,7),"BR01","BR02","BR03","BR04","BR05","BR06","BR07") -> BR04 | E40: =CHOOSE(RANDBETWEEN(1,3),"Basic","Standard","Premium") -> Basic | F40: 46018 | G40: 46048 | H40: 2000 | I40: =H40 * RANDBETWEEN(1,12) -> 12000 | J40: 15 | K40: =CHOOSE(RANDBETWEEN(1,2),"Yes","No") -> No | L40: =CHOOSE(RANDBETWEEN(1,3),"Weight Loss","Muscle Gain","General Fitness") -> General Fitness | M40: =IF(J40<5,IF(RANDBETWEEN(1,100)<70,"Cancelled","Active"),"Active") -> Active | N40: 46088 | Q40: =IF(RAND()<0.2, IF(RAND()<0.5, LOWER(C40), UPPER(C40)), C40 ) -> Hyderabad | R40: =IF(RAND()<0.15, J40 & " visits", J40 ) -> 15 | S40: =IF(RAND()<0.1, TEXT(H40,"0"), H40 ) -> 2000 | T40: =RANDBETWEEN(DATE(2023,1,1), DATE(2026,1,31)) -> 45150 | U40: =IF(AND(M40="Cancelled", RAND()<0.5), F40 + RANDBETWEEN(10,50), N40 ) -> 46088
A41: ="MEM" & TEXT(ROW()-1,"0000") -> MEM0040 | B41: =INDEX('Name pool'!A:A, RANDBETWEEN(2, COUNTA('Name pool'!A:A))) & " " & INDEX('Name pool'!B:B, RANDBETWEEN(2, COUNTA('Name pool'!B:B))) -> Lakshmi Chatterjee | C41: Hyderabad | D41: =CHOOSE(RANDBETWEEN(1,7),"BR01","BR02","BR03","BR04","BR05","BR06","BR07") -> BR03 | E41: =CHOOSE(RANDBETWEEN(1,3),"Basic","Standard","Premium") -> Premium | F41: 45987 | G41: 46352 | H41: 3500 | I41: =H41 * RANDBETWEEN(1,12) -> 42000 | J41: 15 | K41: =CHOOSE(RANDBETWEEN(1,2),"Yes","No") -> Yes | L41: =CHOOSE(RANDBETWEEN(1,3),"Weight Loss","Muscle Gain","General Fitness") -> General Fitness | M41: =IF(J41<5,IF(RANDBETWEEN(1,100)<70,"Cancelled","Active"),"Active") -> Active | N41: 46092 | Q41: =IF(RAND()<0.2, IF(RAND()<0.5, LOWER(C41), UPPER(C41)), C41 ) -> Hyderabad | R41: =IF(RAND()<0.15, J41 & " visits", J41 ) -> 15 | S41: =IF(RAND()<0.1, TEXT(H41,"0"), H41 ) -> 3500 | T41: =RANDBETWEEN(DATE(2023,1,1), DATE(2026,1,31)) -> 45459 | U41: =IF(AND(M41="Cancelled", RAND()<0.5), F41 + RANDBETWEEN(10,50), N41 ) -> 46092
A42: ="MEM" & TEXT(ROW()-1,"0000") -> MEM0041 | B42: =INDEX('Name pool'!A:A, RANDBETWEEN(2, COUNTA('Name pool'!A:A))) & " " & INDEX('Name pool'!B:B, RANDBETWEEN(2, COUNTA('Name pool'!B:B))) -> Aditya Bhat | C42: Calicut | D42: =CHOOSE(RANDBETWEEN(1,7),"BR01","BR02","BR03","BR04","BR05","BR06","BR07") -> BR05 | E42: =CHOOSE(RANDBETWEEN(1,3),"Basic","Standard","Premium") -> Standard | F42: 45459 | G42: 45824 | H42: 1000 | I42: =H42 * RANDBETWEEN(1,12) -> 10000 | J42: 17 | K42: =CHOOSE(RANDBETWEEN(1,2),"Yes","No") -> Yes | L42: =CHOOSE(RANDBETWEEN(1,3),"Weight Loss","Muscle Gain","General Fitness") -> General Fitness | M42: =IF(J42<5,IF(RANDBETWEEN(1,100)<70,"Cancelled","Active"),"Active") -> Active | N42: 45590 | Q42: =IF(RAND()<0.2, IF(RAND()<0.5, LOWER(C42), UPPER(C42)), C42 ) -> Calicut | R42: =IF(RAND()<0.15, J42 & " visits", J42 ) -> 17 | S42: =IF(RAND()<0.1, TEXT(H42,"0"), H42 ) -> 1000 | T42: =RANDBETWEEN(DATE(2023,1,1), DATE(2026,1,31)) -> 45591 | U42: =IF(AND(M42="Cancelled", RAND()<0.5), F42 + RANDBETWEEN(10,50), N42 ) -> 45590
A43: ="MEM" & TEXT(ROW()-1,"0000") -> MEM0042 | B43: =INDEX('Name pool'!A:A, RANDBETWEEN(2, COUNTA('Name pool'!A:A))) & " " & INDEX('Name pool'!B:B, RANDBETWEEN(2, COUNTA('Name pool'!B:B))) -> Zara Verma | C43: Mumbai | D43: =CHOOSE(RANDBETWEEN(1,7),"BR01","BR02","BR03","BR04","BR05","BR06","BR07") -> BR03 | E43: =CHOOSE(RANDBETWEEN(1,3),"Basic","Standard","Premium") -> Premium | F43: 45171 | G43: 45201 | H43: 3500 | I43: =H43 * RANDBETWEEN(1,12) -> 7000 | J43: 20 | K43: =CHOOSE(RANDBETWEEN(1,2),"Yes","No") -> No | L43: =CHOOSE(RANDBETWEEN(1,3),"Weight Loss","Muscle Gain","General Fitness") -> General Fitness | M43: =IF(J43<5,IF(RANDBETWEEN(1,100)<70,"Cancelled","Active"),"Active") -> Active | N43: 46017 | Q43: =IF(RAND()<0.2, IF(RAND()<0.5, LOWER(C43), UPPER(C43)), C43 ) -> Mumbai | R43: =IF(RAND()<0.15, J43 & " visits", J43 ) -> 20 | S43: =IF(RAND()<0.1, TEXT(H43,"0"), H43 ) -> 3500 | T43: =RANDBETWEEN(DATE(2023,1,1), DATE(2026,1,31)) -> 45813 | U43: =IF(AND(M43="Cancelled", RAND()<0.5), F43 + RANDBETWEEN(10,50), N43 ) -> 46017
A44: ="MEM" & TEXT(ROW()-1,"0000") -> MEM0043 | B44: =INDEX('Name pool'!A:A, RANDBETWEEN(2, COUNTA('Name pool'!A:A))) & " " & INDEX('Name pool'!B:B, RANDBETWEEN(2, COUNTA('Name pool'!B:B))) -> Vivek Fernandes | C44: Mumbai | D44: =CHOOSE(RANDBETWEEN(1,7),"BR01","BR02","BR03","BR04","BR05","BR06","BR07") -> BR07 | E44: =CHOOSE(RANDBETWEEN(1,3),"Basic","Standard","Premium") -> Basic | F44: 45759 | G44: 45849 | H44: 3500 | I44: =H44 * RANDBETWEEN(1,12) -> 17500 | J44: 13 | K44: =CHOOSE(RANDBETWEEN(1,2),"Yes","No") -> Yes | L44: =CHOOSE(RANDBETWEEN(1,3),"Weight Loss","Muscle Gain","General Fitness") -> General Fitness | M44: =IF(J44<5,IF(RANDBETWEEN(1,100)<70,"Cancelled","Active"),"Active") -> Active | N44: 46011 | Q44: =IF(RAND()<0.2, IF(RAND()<0.5, LOWER(C44), UPPER(C44)), C44 ) -> Mumbai | R44: =IF(RAND()<0.15, J44 & " visits", J44 ) -> 13 | S44: =IF(RAND()<0.1, TEXT(H44,"0"), H44 ) -> 3500 | T44: =RANDBETWEEN(DATE(2023,1,1), DATE(2026,1,31)) -> 44940 | U44: =IF(AND(M44="Cancelled", RAND()<0.5), F44 + RANDBETWEEN(10,50), N44 ) -> 46011
A45: ="MEM" & TEXT(ROW()-1,"0000") -> MEM0044 | B45: =INDEX('Name pool'!A:A, RANDBETWEEN(2, COUNTA('Name pool'!A:A))) & " " & INDEX('Name pool'!B:B, RANDBETWEEN(2, COUNTA('Name pool'!B:B))) -> Karthik Joshi | C45: Bangalore | D45: =CHOOSE(RANDBETWEEN(1,7),"BR01","BR02","BR03","BR04","BR05","BR06","BR07") -> BR02 | E45: =CHOOSE(RANDBETWEEN(1,3),"Basic","Standard","Premium") -> Basic | F45: 45142 | G45: 45172 | H45: 2000 | I45: =H45 * RANDBETWEEN(1,12) -> 6000 | J45: 11 | K45: =CHOOSE(RANDBETWEEN(1,2),"Yes","No") -> No | L45: =CHOOSE(RANDBETWEEN(1,3),"Weight Loss","Muscle Gain","General Fitness") -> General Fitness | M45: =IF(J45<5,IF(RANDBETWEEN(1,100)<70,"Cancelled","Active"),"Active") -> Active | N45: 45524 | Q45: =IF(RAND()<0.2, IF(RAND()<0.5, LOWER(C45), UPPER(C45)), C45 ) -> Bangalore | R45: =IF(RAND()<0.15, J45 & " visits", J45 ) -> 11 visits | S45: =IF(RAND()<0.1, TEXT(H45,"0"), H45 ) -> 2000 | T45: =RANDBETWEEN(DATE(2023,1,1), DATE(2026,1,31)) -> 45565 | U45: =IF(AND(M45="Cancelled", RAND()<0.5), F45 + RANDBETWEEN(10,50), N45 ) -> 45524
A46: ="MEM" & TEXT(ROW()-1,"0000") -> MEM0045 | B46: =INDEX('Name pool'!A:A, RANDBETWEEN(2, COUNTA('Name pool'!A:A))) & " " & INDEX('Name pool'!B:B, RANDBETWEEN(2, COUNTA('Name pool'!B:B))) -> Nisha Bhat | C46: Hyderabad | D46: =CHOOSE(RANDBETWEEN(1,7),"BR01","BR02","BR03","BR04","BR05","BR06","BR07") -> BR05 | E46: =CHOOSE(RANDBETWEEN(1,3),"Basic","Standard","Premium") -> Basic | F46: 45894 | G46: 45984 | H46: 1000 | I46: =H46 * RANDBETWEEN(1,12) -> 3000 | J46: 23 | K46: =CHOOSE(RANDBETWEEN(1,2),"Yes","No") -> No | L46: =CHOOSE(RANDBETWEEN(1,3),"Weight Loss","Muscle Gain","General Fitness") -> Muscle Gain | M46: =IF(J46<5,IF(RANDBETWEEN(1,100)<70,"Cancelled","Active"),"Active") -> Active | N46: 46042 | Q46: =IF(RAND()<0.2, IF(RAND()<0.5, LOWER(C46), UPPER(C46)), C46 ) -> Hyderabad | R46: =IF(RAND()<0.15, J46 & " visits", J46 ) -> 23 | S46: =IF(RAND()<0.1, TEXT(H46,"0"), H46 ) -> 1000 | T46: =RANDBETWEEN(DATE(2023,1,1), DATE(2026,1,31)) -> 45107 | U46: =IF(AND(M46="Cancelled", RAND()<0.5), F46 + RANDBETWEEN(10,50), N46 ) -> 46042
A47: ="MEM" & TEXT(ROW()-1,"0000") -> MEM0046 | B47: =INDEX('Name pool'!A:A, RANDBETWEEN(2, COUNTA('Name pool'!A:A))) & " " & INDEX('Name pool'!B:B, RANDBETWEEN(2, COUNTA('Name pool'!B:B))) -> Divya Das | C47: kochi | D47: =CHOOSE(RANDBETWEEN(1,7),"BR01","BR02","BR03","BR04","BR05","BR06","BR07") -> BR06 | E47: =CHOOSE(RANDBETWEEN(1,3),"Basic","Standard","Premium") -> Premium | F47: 45497 | G47: 45527 | H47: 1000 | I47: =H47 * RANDBETWEEN(1,12) -> 12000 | J47: 24 | K47: =CHOOSE(RANDBETWEEN(1,2),"Yes","No") -> No | L47: =CHOOSE(RANDBETWEEN(1,3),"Weight Loss","Muscle Gain","General Fitness") -> Muscle Gain | M47: =IF(J47<5,IF(RANDBETWEEN(1,100)<70,"Cancelled","Active"),"Active") -> Active | N47: 45947 | Q47: =IF(RAND()<0.2, IF(RAND()<0.5, LOWER(C47), UPPER(C47)), C47 ) -> kochi | R47: =IF(RAND()<0.15, J47 & " visits", J47 ) -> 24 | S47: =IF(RAND()<0.1, TEXT(H47,"0"), H47 ) -> 1000 | T47: =RANDBETWEEN(DATE(2023,1,1), DATE(2026,1,31)) -> 45237 | U47: =IF(AND(M47="Cancelled", RAND()<0.5), F47 + RANDBETWEEN(10,50), N47 ) -> 45947
A48: ="MEM" & TEXT(ROW()-1,"0000") -> MEM0047 | B48: =INDEX('Name pool'!A:A, RANDBETWEEN(2, COUNTA('Name pool'!A:A))) & " " & INDEX('Name pool'!B:B, RANDBETWEEN(2, COUNTA('Name pool'!B:B))) -> Arjun D’Souza | C48: Bangalore | D48: =CHOOSE(RANDBETWEEN(1,7),"BR01","BR02","BR03","BR04","BR05","BR06","BR07") -> BR03 | E48: =CHOOSE(RANDBETWEEN(1,3),"Basic","Standard","Premium") -> Standard | F48: 45541 | G48: 45571 | H48: 1000 | I48: =H48 * RANDBETWEEN(1,12) -> 5000 | J48: 12 | K48: =CHOOSE(RANDBETWEEN(1,2),"Yes","No") -> No | L48: =CHOOSE(RANDBETWEEN(1,3),"Weight Loss","Muscle Gain","General Fitness") -> Weight Loss | M48: =IF(J48<5,IF(RANDBETWEEN(1,100)<70,"Cancelled","Active"),"Active") -> Active | N48: 45597 | Q48: =IF(RAND()<0.2, IF(RAND()<0.5, LOWER(C48), UPPER(C48)), C48 ) -> Bangalore | R48: =IF(RAND()<0.15, J48 & " visits", J48 ) -> 12 | S48: =IF(RAND()<0.1, TEXT(H48,"0"), H48 ) -> 1000 | T48: =RANDBETWEEN(DATE(2023,1,1), DATE(2026,1,31)) -> 45425 | U48: =IF(AND(M48="Cancelled", RAND()<0.5), F48 + RANDBETWEEN(10,50), N48 ) -> 45597
A49: ="MEM" & TEXT(ROW()-1,"0000") -> MEM0048 | B49: =INDEX('Name pool'!A:A, RANDBETWEEN(2, COUNTA('Name pool'!A:A))) & " " & INDEX('Name pool'!B:B, RANDBETWEEN(2, COUNTA('Name pool'!B:B))) -> Shreya Shaikh | C49: Mumbai | D49: =CHOOSE(RANDBETWEEN(1,7),"BR01","BR02","BR03","BR04","BR05","BR06","BR07") -> BR04 | E49: =CHOOSE(RANDBETWEEN(1,3),"Basic","Standard","Premium") -> Basic | F49: 45015 | G49: 45380 | H49: 1000 | I49: =H49 * RANDBETWEEN(1,12) -> 4000 | J49: 9 | K49: =CHOOSE(RANDBETWEEN(1,2),"Yes","No") -> No | L49: =CHOOSE(RANDBETWEEN(1,3),"Weight Loss","Muscle Gain","General Fitness") -> Weight Loss | M49: =IF(J49<5,IF(RANDBETWEEN(1,100)<70,"Cancelled","Active"),"Active") -> Active | N49: 45936 | Q49: =IF(RAND()<0.2, IF(RAND()<0.5, LOWER(C49), UPPER(C49)), C49 ) -> Mumbai | R49: =IF(RAND()<0.15, J49 & " visits", J49 ) -> 9 | S49: =IF(RAND()<0.1, TEXT(H49,"0"), H49 ) -> 1000 | T49: =RANDBETWEEN(DATE(2023,1,1), DATE(2026,1,31)) -> 45117 | U49: =IF(AND(M49="Cancelled", RAND()<0.5), F49 + RANDBETWEEN(10,50), N49 ) -> 45936
A50: ="MEM" & TEXT(ROW()-1,"0000") -> MEM0049 | B50: =INDEX('Name pool'!A:A, RANDBETWEEN(2, COUNTA('Name pool'!A:A))) & " " & INDEX('Name pool'!B:B, RANDBETWEEN(2, COUNTA('Name pool'!B:B))) -> Varun Gupta | C50: mumbai | D50: =CHOOSE(RANDBETWEEN(1,7),"BR01","BR02","BR03","BR04","BR05","BR06","BR07") -> BR07 | E50: =CHOOSE(RANDBETWEEN(1,3),"Basic","Standard","Premium") -> Basic | F50: 46003 | G50: 46093 | H50: 3500 | I50: =H50 * RANDBETWEEN(1,12) -> 42000 | J50: 24 | K50: =CHOOSE(RANDBETWEEN(1,2),"Yes","No") -> No | L50: =CHOOSE(RANDBETWEEN(1,3),"Weight Loss","Muscle Gain","General Fitness") -> Muscle Gain | M50: =IF(J50<5,IF(RANDBETWEEN(1,100)<70,"Cancelled","Active"),"Active") -> Active | N50: 46118 | Q50: =IF(RAND()<0.2, IF(RAND()<0.5, LOWER(C50), UPPER(C50)), C50 ) -> mumbai | R50: =IF(RAND()<0.15, J50 & " visits", J50 ) -> 24 visits | S50: =IF(RAND()<0.1, TEXT(H50,"0"), H50 ) -> 3500 | T50: =RANDBETWEEN(DATE(2023,1,1), DATE(2026,1,31)) -> 46018 | U50: =IF(AND(M50="Cancelled", RAND()<0.5), F50 + RANDBETWEEN(10,50), N50 ) -> 46118
A51: ="MEM" & TEXT(ROW()-1,"0000") -> MEM0050 | B51: =INDEX('Name pool'!A:A, RANDBETWEEN(2, COUNTA('Name pool'!A:A))) & " " & INDEX('Name pool'!B:B, RANDBETWEEN(2, COUNTA('Name pool'!B:B))) -> Ayesha Reddy | C51: Bangalore | D51: =CHOOSE(RANDBETWEEN(1,7),"BR01","BR02","BR03","BR04","BR05","BR06","BR07") -> BR01 | E51: =CHOOSE(RANDBETWEEN(1,3),"Basic","Standard","Premium") -> Basic | F51: 45330 | G51: 45695 | H51: 3500 | I51: =H51 * RANDBETWEEN(1,12) -> 14000 | J51: 22 visits | K51: =CHOOSE(RANDBETWEEN(1,2),"Yes","No") -> No | L51: =CHOOSE(RANDBETWEEN(1,3),"Weight Loss","Muscle Gain","General Fitness") -> Weight Loss | M51: =IF(J51<5,IF(RANDBETWEEN(1,100)<70,"Cancelled","Active"),"Active") -> Active | N51: 45998 | Q51: =IF(RAND()<0.2, IF(RAND()<0.5, LOWER(C51), UPPER(C51)), C51 ) -> bangalore | R51: =IF(RAND()<0.15, J51 & " visits", J51 ) -> 22 visits | S51: =IF(RAND()<0.1, TEXT(H51,"0"), H51 ) -> 3500 | T51: =RANDBETWEEN(DATE(2023,1,1), DATE(2026,1,31)) -> 44992 | U51: =IF(AND(M51="Cancelled", RAND()<0.5), F51 + RANDBETWEEN(10,50), N51 ) -> 45998
A52: ="MEM" & TEXT(ROW()-1,"0000") -> MEM0051 | B52: =INDEX('Name pool'!A:A, RANDBETWEEN(2, COUNTA('Name pool'!A:A))) & " " & INDEX('Name pool'!B:B, RANDBETWEEN(2, COUNTA('Name pool'!B:B))) -> Rahul Reddy | C52: bangalore | D52: =CHOOSE(RANDBETWEEN(1,7),"BR01","BR02","BR03","BR04","BR05","BR06","BR07") -> BR02 | E52: =CHOOSE(RANDBETWEEN(1,3),"Basic","Standard","Premium") -> Basic | F52: 44984 | G52: 45349 | H52: 3500 | I52: =H52 * RANDBETWEEN(1,12) -> 21000 | J52: 0 | K52: =CHOOSE(RANDBETWEEN(1,2),"Yes","No") -> No | L52: =CHOOSE(RANDBETWEEN(1,3),"Weight Loss","Muscle Gain","General Fitness") -> General Fitness | M52: =IF(J52<5,IF(RANDBETWEEN(1,100)<70,"Cancelled","Active"),"Active") -> Cancelled | N52: 45014 | Q52: =IF(RAND()<0.2, IF(RAND()<0.5, LOWER(C52), UPPER(C52)), C52 ) -> bangalore | R52: =IF(RAND()<0.15, J52 & " visits", J52 ) -> 0 | S52: =IF(RAND()<0.1, TEXT(H52,"0"), H52 ) -> 3500 | T52: =RANDBETWEEN(DATE(2023,1,1), DATE(2026,1,31)) -> 44936 | U52: =IF(AND(M52="Cancelled", RAND()<0.5), F52 + RANDBETWEEN(10,50), N52 ) -> 45014
A53: ="MEM" & TEXT(ROW()-1,"0000") -> MEM0052 | B53: =INDEX('Name pool'!A:A, RANDBETWEEN(2, COUNTA('Name pool'!A:A))) & " " & INDEX('Name pool'!B:B, RANDBETWEEN(2, COUNTA('Name pool'!B:B))) -> Anu Pillai | C53: Kochi | D53: =CHOOSE(RANDBETWEEN(1,7),"BR01","BR02","BR03","BR04","BR05","BR06","BR07") -> BR05 | E53: =CHOOSE(RANDBETWEEN(1,3),"Basic","Standard","Premium") -> Basic | F53: 45237 | G53: 45602 | H53: 2000 | I53: =H53 * RANDBETWEEN(1,12) -> 2000 | J53: 1 | K53: =CHOOSE(RANDBETWEEN(1,2),"Yes","No") -> No | L53: =CHOOSE(RANDBETWEEN(1,3),"Weight Loss","Muscle Gain","General Fitness") -> Muscle Gain | M53: =IF(J53<5,IF(RANDBETWEEN(1,100)<70,"Cancelled","Active"),"Active") -> Active | N53: 45312 | Q53: =IF(RAND()<0.2, IF(RAND()<0.5, LOWER(C53), UPPER(C53)), C53 ) -> Kochi | R53: =IF(RAND()<0.15, J53 & " visits", J53 ) -> 1 | S53: =IF(RAND()<0.1, TEXT(H53,"0"), H53 ) -> 2000 | T53: =RANDBETWEEN(DATE(2023,1,1), DATE(2026,1,31)) -> 45294 | U53: =IF(AND(M53="Cancelled", RAND()<0.5), F53 + RANDBETWEEN(10,50), N53 ) -> 45312
A54: ="MEM" & TEXT(ROW()-1,"0000") -> MEM0053 | B54: =INDEX('Name pool'!A:A, RANDBETWEEN(2, COUNTA('Name pool'!A:A))) & " " & INDEX('Name pool'!B:B, RANDBETWEEN(2, COUNTA('Name pool'!B:B))) -> Manoj Thomas | C54: Trivandrum | D54: =CHOOSE(RANDBETWEEN(1,7),"BR01","BR02","BR03","BR04","BR05","BR06","BR07") -> BR01 | E54: =CHOOSE(RANDBETWEEN(1,3),"Basic","Standard","Premium") -> Standard | F54: 45022 | G54: 45387 | H54: 2000 | I54: =H54 * RANDBETWEEN(1,12) -> 24000 | J54: 6 | K54: =CHOOSE(RANDBETWEEN(1,2),"Yes","No") -> Yes | L54: =CHOOSE(RANDBETWEEN(1,3),"Weight Loss","Muscle Gain","General Fitness") -> General Fitness | M54: =IF(J54<5,IF(RANDBETWEEN(1,100)<70,"Cancelled","Active"),"Active") -> Active | N54: 45829 | Q54: =IF(RAND()<0.2, IF(RAND()<0.5, LOWER(C54), UPPER(C54)), C54 ) -> Trivandrum | R54: =IF(RAND()<0.15, J54 & " visits", J54 ) -> 6 | S54: =IF(RAND()<0.1, TEXT(H54,"0"), H54 ) -> 2000 | T54: =RANDBETWEEN(DATE(2023,1,1), DATE(2026,1,31)) -> 45181 | U54: =IF(AND(M54="Cancelled", RAND()<0.5), F54 + RANDBETWEEN(10,50), N54 ) -> 45829
A55: ="MEM" & TEXT(ROW()-1,"0000") -> MEM0054 | B55: =INDEX('Name pool'!A:A, RANDBETWEEN(2, COUNTA('Name pool'!A:A))) & " " & INDEX('Name pool'!B:B, RANDBETWEEN(2, COUNTA('Name pool'!B:B))) -> Zara Kapoor | C55: Trivandrum | D55: =CHOOSE(RANDBETWEEN(1,7),"BR01","BR02","BR03","BR04","BR05","BR06","BR07") -> BR04 | E55: =CHOOSE(RANDBETWEEN(1,3),"Basic","Standard","Premium") -> Premium | F55: 45341 | G55: 45371 | H55: 2000 | I55: =H55 * RANDBETWEEN(1,12) -> 10000 | J55: 17 visits | K55: =CHOOSE(RANDBETWEEN(1,2),"Yes","No") -> No | L55: =CHOOSE(RANDBETWEEN(1,3),"Weight Loss","Muscle Gain","General Fitness") -> General Fitness | M55: =IF(J55<5,IF(RANDBETWEEN(1,100)<70,"Cancelled","Active"),"Active") -> Active | N55: 45406 | Q55: =IF(RAND()<0.2, IF(RAND()<0.5, LOWER(C55), UPPER(C55)), C55 ) -> Trivandrum | R55: =IF(RAND()<0.15, J55 & " visits", J55 ) -> 17 visits | S55: =IF(RAND()<0.1, TEXT(H55,"0"), H55 ) -> 2000 | T55: =RANDBETWEEN(DATE(2023,1,1), DATE(2026,1,31)) -> 45150 | U55: =IF(AND(M55="Cancelled", RAND()<0.5), F55 + RANDBETWEEN(10,50), N55 ) -> 45406
A56: ="MEM" & TEXT(ROW()-1,"0000") -> MEM0055 | B56: =INDEX('Name pool'!A:A, RANDBETWEEN(2, COUNTA('Name pool'!A:A))) & " " & INDEX('Name pool'!B:B, RANDBETWEEN(2, COUNTA('Name pool'!B:B))) -> Kavya George | C56: Hyderabad | D56: =CHOOSE(RANDBETWEEN(1,7),"BR01","BR02","BR03","BR04","BR05","BR06","BR07") -> BR04 | E56: =CHOOSE(RANDBETWEEN(1,3),"Basic","Standard","Premium") -> Basic | F56: 45631 | G56: 45721 | H56: 3500 | I56: =H56 * RANDBETWEEN(1,12) -> 28000 | J56: 15 | K56: =CHOOSE(RANDBETWEEN(1,2),"Yes","No") -> Yes | L56: =CHOOSE(RANDBETWEEN(1,3),"Weight Loss","Muscle Gain","General Fitness") -> Weight Loss | M56: =IF(J56<5,IF(RANDBETWEEN(1,100)<70,"Cancelled","Active"),"Active") -> Active | N56: 46120 | Q56: =IF(RAND()<0.2, IF(RAND()<0.5, LOWER(C56), UPPER(C56)), C56 ) -> Hyderabad | R56: =IF(RAND()<0.15, J56 & " visits", J56 ) -> 15 | S56: =IF(RAND()<0.1, TEXT(H56,"0"), H56 ) -> 3500 | T56: =RANDBETWEEN(DATE(2023,1,1), DATE(2026,1,31)) -> 45813 | U56: =IF(AND(M56="Cancelled", RAND()<0.5), F56 + RANDBETWEEN(10,50), N56 ) -> 46120
A57: ="MEM" & TEXT(ROW()-1,"0000") -> MEM0056 | B57: =INDEX('Name pool'!A:A, RANDBETWEEN(2, COUNTA('Name pool'!A:A))) & " " & INDEX('Name pool'!B:B, RANDBETWEEN(2, COUNTA('Name pool'!B:B))) -> Lakshmi Shaikh | C57: Hyderabad | D57: =CHOOSE(RANDBETWEEN(1,7),"BR01","BR02","BR03","BR04","BR05","BR06","BR07") -> BR05 | E57: =CHOOSE(RANDBETWEEN(1,3),"Basic","Standard","Premium") -> Standard | F57: 45697 | G57: 45727 | H57: 2000 | I57: =H57 * RANDBETWEEN(1,12) -> 24000 | J57: 23 | K57: =CHOOSE(RANDBETWEEN(1,2),"Yes","No") -> Yes | L57: =CHOOSE(RANDBETWEEN(1,3),"Weight Loss","Muscle Gain","General Fitness") -> General Fitness | M57: =IF(J57<5,IF(RANDBETWEEN(1,100)<70,"Cancelled","Active"),"Active") -> Active | N57: 45892 | Q57: =IF(RAND()<0.2, IF(RAND()<0.5, LOWER(C57), UPPER(C57)), C57 ) -> Hyderabad | R57: =IF(RAND()<0.15, J57 & " visits", J57 ) -> 23 | S57: =IF(RAND()<0.1, TEXT(H57,"0"), H57 ) -> 2000 | T57: =RANDBETWEEN(DATE(2023,1,1), DATE(2026,1,31)) -> 45241 | U57: =IF(AND(M57="Cancelled", RAND()<0.5), F57 + RANDBETWEEN(10,50), N57 ) -> 45892
A58: ="MEM" & TEXT(ROW()-1,"0000") -> MEM0057 | B58: =INDEX('Name pool'!A:A, RANDBETWEEN(2, COUNTA('Name pool'!A:A))) & " " & INDEX('Name pool'!B:B, RANDBETWEEN(2, COUNTA('Name pool'!B:B))) -> Varun Reddy | C58: Hyderabad | D58: =CHOOSE(RANDBETWEEN(1,7),"BR01","BR02","BR03","BR04","BR05","BR06","BR07") -> BR02 | E58: =CHOOSE(RANDBETWEEN(1,3),"Basic","Standard","Premium") -> Standard | F58: 45491 | G58: 45581 | H58: 3500 | I58: =H58 * RANDBETWEEN(1,12) -> 24500 | J58: 1 | K58: =CHOOSE(RANDBETWEEN(1,2),"Yes","No") -> No | L58: =CHOOSE(RANDBETWEEN(1,3),"Weight Loss","Muscle Gain","General Fitness") -> Weight Loss | M58: =IF(J58<5,IF(RANDBETWEEN(1,100)<70,"Cancelled","Active"),"Active") -> Cancelled | N58: 45506 | Q58: =IF(RAND()<0.2, IF(RAND()<0.5, LOWER(C58), UPPER(C58)), C58 ) -> hyderabad | R58: =IF(RAND()<0.15, J58 & " visits", J58 ) -> 1 visits | S58: =IF(RAND()<0.1, TEXT(H58,"0"), H58 ) -> 3500 | T58: =RANDBETWEEN(DATE(2023,1,1), DATE(2026,1,31)) -> 45597 | U58: =IF(AND(M58="Cancelled", RAND()<0.5), F58 + RANDBETWEEN(10,50), N58 ) -> 45506
A59: ="MEM" & TEXT(ROW()-1,"0000") -> MEM0058 | B59: =INDEX('Name pool'!A:A, RANDBETWEEN(2, COUNTA('Name pool'!A:A))) & " " & INDEX('Name pool'!B:B, RANDBETWEEN(2, COUNTA('Name pool'!B:B))) -> Akash Menon | C59: Mumbai | D59: =CHOOSE(RANDBETWEEN(1,7),"BR01","BR02","BR03","BR04","BR05","BR06","BR07") -> BR06 | E59: =CHOOSE(RANDBETWEEN(1,3),"Basic","Standard","Premium") -> Standard | F59: 45183 | G59: 45213 | H59: 1000 | I59: =H59 * RANDBETWEEN(1,12) -> 12000 | J59: 17 | K59: =CHOOSE(RANDBETWEEN(1,2),"Yes","No") -> No | L59: =CHOOSE(RANDBETWEEN(1,3),"Weight Loss","Muscle Gain","General Fitness") -> Muscle Gain | M59: =IF(J59<5,IF(RANDBETWEEN(1,100)<70,"Cancelled","Active"),"Active") -> Active | N59: 45712 | Q59: =IF(RAND()<0.2, IF(RAND()<0.5, LOWER(C59), UPPER(C59)), C59 ) -> Mumbai | R59: =IF(RAND()<0.15, J59 & " visits", J59 ) -> 17 visits | S59: =IF(RAND()<0.1, TEXT(H59,"0"), H59 ) -> 1000 | T59: =RANDBETWEEN(DATE(2023,1,1), DATE(2026,1,31)) -> 45760 | U59: =IF(AND(M59="Cancelled", RAND()<0.5), F59 + RANDBETWEEN(10,50), N59 ) -> 45712
A60: ="MEM" & TEXT(ROW()-1,"0000") -> MEM0059 | B60: =INDEX('Name pool'!A:A, RANDBETWEEN(2, COUNTA('Name pool'!A:A))) & " " & INDEX('Name pool'!B:B, RANDBETWEEN(2, COUNTA('Name pool'!B:B))) -> Kavya Reddy | C60: Trivandrum | D60: =CHOOSE(RANDBETWEEN(1,7),"BR01","BR02","BR03","BR04","BR05","BR06","BR07") -> BR05 | E60: =CHOOSE(RANDBETWEEN(1,3),"Basic","Standard","Premium") -> Premium | F60: 45067 | G60: 45097 | H60: 1000 | I60: =H60 * RANDBETWEEN(1,12) -> 5000 | J60: 9 | K60: =CHOOSE(RANDBETWEEN(1,2),"Yes","No") -> Yes | L60: =CHOOSE(RANDBETWEEN(1,3),"Weight Loss","Muscle Gain","General Fitness") -> Weight Loss | M60: =IF(J60<5,IF(RANDBETWEEN(1,100)<70,"Cancelled","Active"),"Active") -> Active | N60: 45130 | Q60: =IF(RAND()<0.2, IF(RAND()<0.5, LOWER(C60), UPPER(C60)), C60 ) -> Trivandrum | R60: =IF(RAND()<0.15, J60 & " visits", J60 ) -> 9 | S60: =IF(RAND()<0.1, TEXT(H60,"0"), H60 ) -> 1000 | T60: =RANDBETWEEN(DATE(2023,1,1), DATE(2026,1,31)) -> 45178 | U60: =IF(AND(M60="Cancelled", RAND()<0.5), F60 + RANDBETWEEN(10,50), N60 ) -> 45130
A61: ="MEM" & TEXT(ROW()-1,"0000") -> MEM0060 | B61: =INDEX('Name pool'!A:A, RANDBETWEEN(2, COUNTA('Name pool'!A:A))) & " " & INDEX('Name pool'!B:B, RANDBETWEEN(2, COUNTA('Name pool'!B:B))) -> Manoj Sharma | C61: Trivandrum | D61: =CHOOSE(RANDBETWEEN(1,7),"BR01","BR02","BR03","BR04","BR05","BR06","BR07") -> BR01 | E61: =CHOOSE(RANDBETWEEN(1,3),"Basic","Standard","Premium") -> Premium | F61: 45324 | G61: 45414 | H61: 1000 | I61: =H61 * RANDBETWEEN(1,12) -> 2000 | J61: 13 | K61: =CHOOSE(RANDBETWEEN(1,2),"Yes","No") -> Yes | L61: =CHOOSE(RANDBETWEEN(1,3),"Weight Loss","Muscle Gain","General Fitness") -> General Fitness | M61: =IF(J61<5,IF(RANDBETWEEN(1,100)<70,"Cancelled","Active"),"Active") -> Active | N61: 46073 | Q61: =IF(RAND()<0.2, IF(RAND()<0.5, LOWER(C61), UPPER(C61)), C61 ) -> Trivandrum | R61: =IF(RAND()<0.15, J61 & " visits", J61 ) -> 13 | S61: =IF(RAND()<0.1, TEXT(H61,"0"), H61 ) -> 1000 | T61: =RANDBETWEEN(DATE(2023,1,1), DATE(2026,1,31)) -> 45657 | U61: =IF(AND(M61="Cancelled", RAND()<0.5), F61 + RANDBETWEEN(10,50), N61 ) -> 46073
A62: ="MEM" & TEXT(ROW()-1,"0000") -> MEM0061 | B62: =INDEX('Name pool'!A:A, RANDBETWEEN(2, COUNTA('Name pool'!A:A))) & " " & INDEX('Name pool'!B:B, RANDBETWEEN(2, COUNTA('Name pool'!B:B))) -> Pooja Banerjee | C62: Mumbai | D62: =CHOOSE(RANDBETWEEN(1,7),"BR01","BR02","BR03","BR04","BR05","BR06","BR07") -> BR05 | E62: =CHOOSE(RANDBETWEEN(1,3),"Basic","Standard","Premium") -> Basic | F62: 45396 | G62: 45761 | H62: 1000 | I62: =H62 * RANDBETWEEN(1,12) -> 10000 | J62: 7 | K62: =CHOOSE(RANDBETWEEN(1,2),"Yes","No") -> No | L62: =CHOOSE(RANDBETWEEN(1,3),"Weight Loss","Muscle Gain","General Fitness") -> Muscle Gain | M62: =IF(J62<5,IF(RANDBETWEEN(1,100)<70,"Cancelled","Active"),"Active") -> Active | N62: 45852 | Q62: =IF(RAND()<0.2, IF(RAND()<0.5, LOWER(C62), UPPER(C62)), C62 ) -> Mumbai | R62: =IF(RAND()<0.15, J62 & " visits", J62 ) -> 7 | S62: =IF(RAND()<0.1, TEXT(H62,"0"), H62 ) -> 1000 | T62: =RANDBETWEEN(DATE(2023,1,1), DATE(2026,1,31)) -> 45325 | U62: =IF(AND(M62="Cancelled", RAND()<0.5), F62 + RANDBETWEEN(10,50), N62 ) -> 45852
A63: ="MEM" & TEXT(ROW()-1,"0000") -> MEM0062 | B63: =INDEX('Name pool'!A:A, RANDBETWEEN(2, COUNTA('Name pool'!A:A))) & " " & INDEX('Name pool'!B:B, RANDBETWEEN(2, COUNTA('Name pool'!B:B))) -> Neha Lewis | C63: MUMBAI | D63: =CHOOSE(RANDBETWEEN(1,7),"BR01","BR02","BR03","BR04","BR05","BR06","BR07") -> BR04 | E63: =CHOOSE(RANDBETWEEN(1,3),"Basic","Standard","Premium") -> Standard | F63: 45861 | G63: 46226 | H63: 1000 | I63: =H63 * RANDBETWEEN(1,12) -> 7000 | J63: 8 visits | K63: =CHOOSE(RANDBETWEEN(1,2),"Yes","No") -> Yes | L63: =CHOOSE(RANDBETWEEN(1,3),"Weight Loss","Muscle Gain","General Fitness") -> Weight Loss | M63: =IF(J63<5,IF(RANDBETWEEN(1,100)<70,"Cancelled","Active"),"Active") -> Active | N63: 45875 | Q63: =IF(RAND()<0.2, IF(RAND()<0.5, LOWER(C63), UPPER(C63)), C63 ) -> MUMBAI | R63: =IF(RAND()<0.15, J63 & " visits", J63 ) -> 8 visits | S63: =IF(RAND()<0.1, TEXT(H63,"0"), H63 ) -> 1000 | T63: =RANDBETWEEN(DATE(2023,1,1), DATE(2026,1,31)) -> 44928 | U63: =IF(AND(M63="Cancelled", RAND()<0.5), F63 + RANDBETWEEN(10,50), N63 ) -> 45875
A64: ="MEM" & TEXT(ROW()-1,"0000") -> MEM0063 | B64: =INDEX('Name pool'!A:A, RANDBETWEEN(2, COUNTA('Name pool'!A:A))) & " " & INDEX('Name pool'!B:B, RANDBETWEEN(2, COUNTA('Name pool'!B:B))) -> Rahul Malhotra | C64: Calicut | D64: =CHOOSE(RANDBETWEEN(1,7),"BR01","BR02","BR03","BR04","BR05","BR06","BR07") -> BR02 | E64: =CHOOSE(RANDBETWEEN(1,3),"Basic","Standard","Premium") -> Premium | F64: 45251 | G64: 45281 | H64: 3500 | I64: =H64 * RANDBETWEEN(1,12) -> 17500 | J64: 10 | K64: =CHOOSE(RANDBETWEEN(1,2),"Yes","No") -> Yes | L64: =CHOOSE(RANDBETWEEN(1,3),"Weight Loss","Muscle Gain","General Fitness") -> Muscle Gain | M64: =IF(J64<5,IF(RANDBETWEEN(1,100)<70,"Cancelled","Active"),"Active") -> Active | N64: 45500 | Q64: =IF(RAND()<0.2, IF(RAND()<0.5, LOWER(C64), UPPER(C64)), C64 ) -> Calicut | R64: =IF(RAND()<0.15, J64 & " visits", J64 ) -> 10 | S64: =IF(RAND()<0.1, TEXT(H64,"0"), H64 ) -> 3500 | T64: =RANDBETWEEN(DATE(2023,1,1), DATE(2026,1,31)) -> 45779 | U64: =IF(AND(M64="Cancelled", RAND()<0.5), F64 + RANDBETWEEN(10,50), N64 ) -> 45500
A65: ="MEM" & TEXT(ROW()-1,"0000") -> MEM0064 | B65: =INDEX('Name pool'!A:A, RANDBETWEEN(2, COUNTA('Name pool'!A:A))) & " " & INDEX('Name pool'!B:B, RANDBETWEEN(2, COUNTA('Name pool'!B:B))) -> Riya Nambiar | C65: Kochi | D65: =CHOOSE(RANDBETWEEN(1,7),"BR01","BR02","BR03","BR04","BR05","BR06","BR07") -> BR03 | E65: =CHOOSE(RANDBETWEEN(1,3),"Basic","Standard","Premium") -> Basic | F65: 45570 | G65: 45660 | H65: 1000 | I65: =H65 * RANDBETWEEN(1,12) -> 9000 | J65: 14 | K65: =CHOOSE(RANDBETWEEN(1,2),"Yes","No") -> Yes | L65: =CHOOSE(RANDBETWEEN(1,3),"Weight Loss","Muscle Gain","General Fitness") -> Weight Loss | M65: =IF(J65<5,IF(RANDBETWEEN(1,100)<70,"Cancelled","Active"),"Active") -> Active | N65: 45771 | Q65: =IF(RAND()<0.2, IF(RAND()<0.5, LOWER(C65), UPPER(C65)), C65 ) -> kochi | R65: =IF(RAND()<0.15, J65 & " visits", J65 ) -> 14 | S65: =IF(RAND()<0.1, TEXT(H65,"0"), H65 ) -> 1000 | T65: =RANDBETWEEN(DATE(2023,1,1), DATE(2026,1,31)) -> 45058 | U65: =IF(AND(M65="Cancelled", RAND()<0.5), F65 + RANDBETWEEN(10,50), N65 ) -> 45771
A66: ="MEM" & TEXT(ROW()-1,"0000") -> MEM0065 | B66: =INDEX('Name pool'!A:A, RANDBETWEEN(2, COUNTA('Name pool'!A:A))) & " " & INDEX('Name pool'!B:B, RANDBETWEEN(2, COUNTA('Name pool'!B:B))) -> Fatima Varghese | C66: Trivandrum | D66: =CHOOSE(RANDBETWEEN(1,7),"BR01","BR02","BR03","BR04","BR05","BR06","BR07") -> BR01 | E66: =CHOOSE(RANDBETWEEN(1,3),"Basic","Standard","Premium") -> Basic | F66: 45572 | G66: 45937 | H66: 1000 | I66: =H66 * RANDBETWEEN(1,12) -> 9000 | J66: 14 | K66: =CHOOSE(RANDBETWEEN(1,2),"Yes","No") -> No | L66: =CHOOSE(RANDBETWEEN(1,3),"Weight Loss","Muscle Gain","General Fitness") -> Weight Loss | M66: =IF(J66<5,IF(RANDBETWEEN(1,100)<70,"Cancelled","Active"),"Active") -> Active | N66: 45760 | Q66: =IF(RAND()<0.2, IF(RAND()<0.5, LOWER(C66), UPPER(C66)), C66 ) -> trivandrum | R66: =IF(RAND()<0.15, J66 & " visits", J66 ) -> 14 | S66: =IF(RAND()<0.1, TEXT(H66,"0"), H66 ) -> 1000 | T66: =RANDBETWEEN(DATE(2023,1,1), DATE(2026,1,31)) -> 45840 | U66: =IF(AND(M66="Cancelled", RAND()<0.5), F66 + RANDBETWEEN(10,50), N66 ) -> 45760
A67: ="MEM" & TEXT(ROW()-1,"0000") -> MEM0066 | B67: =INDEX('Name pool'!A:A, RANDBETWEEN(2, COUNTA('Name pool'!A:A))) & " " & INDEX('Name pool'!B:B, RANDBETWEEN(2, COUNTA('Name pool'!B:B))) -> Meera Joshi | C67: Trivandrum | D67: =CHOOSE(RANDBETWEEN(1,7),"BR01","BR02","BR03","BR04","BR05","BR06","BR07") -> BR02 | E67: =CHOOSE(RANDBETWEEN(1,3),"Basic","Standard","Premium") -> Standard | F67: 45021 | G67: 45111 | H67: 2000 | I67: =H67 * RANDBETWEEN(1,12) -> 24000 | J67: 14 | K67: =CHOOSE(RANDBETWEEN(1,2),"Yes","No") -> Yes | L67: =CHOOSE(RANDBETWEEN(1,3),"Weight Loss","Muscle Gain","General Fitness") -> General Fitness | M67: =IF(J67<5,IF(RANDBETWEEN(1,100)<70,"Cancelled","Active"),"Active") -> Active | N67: 45744 | Q67: =IF(RAND()<0.2, IF(RAND()<0.5, LOWER(C67), UPPER(C67)), C67 ) -> Trivandrum | R67: =IF(RAND()<0.15, J67 & " visits", J67 ) -> 14 | S67: =IF(RAND()<0.1, TEXT(H67,"0"), H67 ) -> 2000 | T67: =RANDBETWEEN(DATE(2023,1,1), DATE(2026,1,31)) -> 45483 | U67: =IF(AND(M67="Cancelled", RAND()<0.5), F67 + RANDBETWEEN(10,50), N67 ) -> 45744
A68: ="MEM" & TEXT(ROW()-1,"0000") -> MEM0067 | B68: =INDEX('Name pool'!A:A, RANDBETWEEN(2, COUNTA('Name pool'!A:A))) & " " & INDEX('Name pool'!B:B, RANDBETWEEN(2, COUNTA('Name pool'!B:B))) -> Karthik Yadav | C68: Calicut | D68: =CHOOSE(RANDBETWEEN(1,7),"BR01","BR02","BR03","BR04","BR05","BR06","BR07") -> BR04 | E68: =CHOOSE(RANDBETWEEN(1,3),"Basic","Standard","Premium") -> Basic | F68: 45198 | G68: 45288 | H68: 1000 | I68: =H68 * RANDBETWEEN(1,12) -> 10000 | J68: 7 | K68: =CHOOSE(RANDBETWEEN(1,2),"Yes","No") -> Yes | L68: =CHOOSE(RANDBETWEEN(1,3),"Weight Loss","Muscle Gain","General Fitness") -> General Fitness | M68: =IF(J68<5,IF(RANDBETWEEN(1,100)<70,"Cancelled","Active"),"Active") -> Active | N68: 45636 | Q68: =IF(RAND()<0.2, IF(RAND()<0.5, LOWER(C68), UPPER(C68)), C68 ) -> Calicut | R68: =IF(RAND()<0.15, J68 & " visits", J68 ) -> 7 | S68: =IF(RAND()<0.1, TEXT(H68,"0"), H68 ) -> 1000 | T68: =RANDBETWEEN(DATE(2023,1,1), DATE(2026,1,31)) -> 45238 | U68: =IF(AND(M68="Cancelled", RAND()<0.5), F68 + RANDBETWEEN(10,50), N68 ) -> 45636
A69: ="MEM" & TEXT(ROW()-1,"0000") -> MEM0068 | B69: =INDEX('Name pool'!A:A, RANDBETWEEN(2, COUNTA('Name pool'!A:A))) & " " & INDEX('Name pool'!B:B, RANDBETWEEN(2, COUNTA('Name pool'!B:B))) -> Aditya Verma | C69: Hyderabad | D69: =CHOOSE(RANDBETWEEN(1,7),"BR01","BR02","BR03","BR04","BR05","BR06","BR07") -> BR02 | E69: =CHOOSE(RANDBETWEEN(1,3),"Basic","Standard","Premium") -> Standard | F69: 45089 | G69: 45454 | H69: 3500 | I69: =H69 * RANDBETWEEN(1,12) -> 7000 | J69: 19 | K69: =CHOOSE(RANDBETWEEN(1,2),"Yes","No") -> Yes | L69: =CHOOSE(RANDBETWEEN(1,3),"Weight Loss","Muscle Gain","General Fitness") -> General Fitness | M69: =IF(J69<5,IF(RANDBETWEEN(1,100)<70,"Cancelled","Active"),"Active") -> Active | N69: 45914 | Q69: =IF(RAND()<0.2, IF(RAND()<0.5, LOWER(C69), UPPER(C69)), C69 ) -> Hyderabad | R69: =IF(RAND()<0.15, J69 & " visits", J69 ) -> 19 | S69: =IF(RAND()<0.1, TEXT(H69,"0"), H69 ) -> 3500 | T69: =RANDBETWEEN(DATE(2023,1,1), DATE(2026,1,31)) -> 44930 | U69: =IF(AND(M69="Cancelled", RAND()<0.5), F69 + RANDBETWEEN(10,50), N69 ) -> 45914
A70: ="MEM" & TEXT(ROW()-1,"0000") -> MEM0069 | B70: =INDEX('Name pool'!A:A, RANDBETWEEN(2, COUNTA('Name pool'!A:A))) & " " & INDEX('Name pool'!B:B, RANDBETWEEN(2, COUNTA('Name pool'!B:B))) -> Varun Joseph | C70: Calicut | D70: =CHOOSE(RANDBETWEEN(1,7),"BR01","BR02","BR03","BR04","BR05","BR06","BR07") -> BR01 | E70: =CHOOSE(RANDBETWEEN(1,3),"Basic","Standard","Premium") -> Premium | F70: 45842 | G70: 46207 | H70: 3500 | I70: =H70 * RANDBETWEEN(1,12) -> 24500 | J70: 19 | K70: =CHOOSE(RANDBETWEEN(1,2),"Yes","No") -> Yes | L70: =CHOOSE(RANDBETWEEN(1,3),"Weight Loss","Muscle Gain","General Fitness") -> General Fitness | M70: =IF(J70<5,IF(RANDBETWEEN(1,100)<70,"Cancelled","Active"),"Active") -> Active | N70: 46048 | Q70: =IF(RAND()<0.2, IF(RAND()<0.5, LOWER(C70), UPPER(C70)), C70 ) -> Calicut | R70: =IF(RAND()<0.15, J70 & " visits", J70 ) -> 19 | S70: =IF(RAND()<0.1, TEXT(H70,"0"), H70 ) -> 3500 | T70: =RANDBETWEEN(DATE(2023,1,1), DATE(2026,1,31)) -> 45879 | U70: =IF(AND(M70="Cancelled", RAND()<0.5), F70 + RANDBETWEEN(10,50), N70 ) -> 46048
A71: ="MEM" & TEXT(ROW()-1,"0000") -> MEM0070 | B71: =INDEX('Name pool'!A:A, RANDBETWEEN(2, COUNTA('Name pool'!A:A))) & " " & INDEX('Name pool'!B:B, RANDBETWEEN(2, COUNTA('Name pool'!B:B))) -> Nikhil Thomas | C71: Hyderabad | D71: =CHOOSE(RANDBETWEEN(1,7),"BR01","BR02","BR03","BR04","BR05","BR06","BR07") -> BR01 | E71: =CHOOSE(RANDBETWEEN(1,3),"Basic","Standard","Premium") -> Premium | F71: 45047 | G71: 45412 | H71: 1000 | I71: =H71 * RANDBETWEEN(1,12) -> 5000 | J71: 17 | K71: =CHOOSE(RANDBETWEEN(1,2),"Yes","No") -> Yes | L71: =CHOOSE(RANDBETWEEN(1,3),"Weight Loss","Muscle Gain","General Fitness") -> Muscle Gain | M71: =IF(J71<5,IF(RANDBETWEEN(1,100)<70,"Cancelled","Active"),"Active") -> Active | N71: 46030 | Q71: =IF(RAND()<0.2, IF(RAND()<0.5, LOWER(C71), UPPER(C71)), C71 ) -> Hyderabad | R71: =IF(RAND()<0.15, J71 & " visits", J71 ) -> 17 | S71: =IF(RAND()<0.1, TEXT(H71,"0"), H71 ) -> 1000 | T71: =RANDBETWEEN(DATE(2023,1,1), DATE(2026,1,31)) -> 45901 | U71: =IF(AND(M71="Cancelled", RAND()<0.5), F71 + RANDBETWEEN(10,50), N71 ) -> 46030
A72: ="MEM" & TEXT(ROW()-1,"0000") -> MEM0071 | B72: =INDEX('Name pool'!A:A, RANDBETWEEN(2, COUNTA('Name pool'!A:A))) & " " & INDEX('Name pool'!B:B, RANDBETWEEN(2, COUNTA('Name pool'!B:B))) -> Tanvi George | C72: Hyderabad | D72: =CHOOSE(RANDBETWEEN(1,7),"BR01","BR02","BR03","BR04","BR05","BR06","BR07") -> BR07 | E72: =CHOOSE(RANDBETWEEN(1,3),"Basic","Standard","Premium") -> Basic | F72: 45628 | G72: 45658 | H72: 2000 | I72: =H72 * RANDBETWEEN(1,12) -> 24000 | J72: 17 visits | K72: =CHOOSE(RANDBETWEEN(1,2),"Yes","No") -> Yes | L72: =CHOOSE(RANDBETWEEN(1,3),"Weight Loss","Muscle Gain","General Fitness") -> General Fitness | M72: =IF(J72<5,IF(RANDBETWEEN(1,100)<70,"Cancelled","Active"),"Active") -> Active | N72: 45681 | Q72: =IF(RAND()<0.2, IF(RAND()<0.5, LOWER(C72), UPPER(C72)), C72 ) -> Hyderabad | R72: =IF(RAND()<0.15, J72 & " visits", J72 ) -> 17 visits | S72: =IF(RAND()<0.1, TEXT(H72,"0"), H72 ) -> 2000 | T72: =RANDBETWEEN(DATE(2023,1,1), DATE(2026,1,31)) -> 46000 | U72: =IF(AND(M72="Cancelled", RAND()<0.5), F72 + RANDBETWEEN(10,50), N72 ) -> 45681
A73: ="MEM" & TEXT(ROW()-1,"0000") -> MEM0072 | B73: =INDEX('Name pool'!A:A, RANDBETWEEN(2, COUNTA('Name pool'!A:A))) & " " & INDEX('Name pool'!B:B, RANDBETWEEN(2, COUNTA('Name pool'!B:B))) -> Swathi Sharma | C73: Mumbai | D73: =CHOOSE(RANDBETWEEN(1,7),"BR01","BR02","BR03","BR04","BR05","BR06","BR07") -> BR02 | E73: =CHOOSE(RANDBETWEEN(1,3),"Basic","Standard","Premium") -> Premium | F73: 45859 | G73: 46224 | H73: 2000 | I73: =H73 * RANDBETWEEN(1,12) -> 2000 | J73: 4 | K73: =CHOOSE(RANDBETWEEN(1,2),"Yes","No") -> No | L73: =CHOOSE(RANDBETWEEN(1,3),"Weight Loss","Muscle Gain","General Fitness") -> Weight Loss | M73: =IF(J73<5,IF(RANDBETWEEN(1,100)<70,"Cancelled","Active"),"Active") -> Cancelled | N73: 45957 | Q73: =IF(RAND()<0.2, IF(RAND()<0.5, LOWER(C73), UPPER(C73)), C73 ) -> Mumbai | R73: =IF(RAND()<0.15, J73 & " visits", J73 ) -> 4 | S73: =IF(RAND()<0.1, TEXT(H73,"0"), H73 ) -> 2000 | T73: =RANDBETWEEN(DATE(2023,1,1), DATE(2026,1,31)) -> 45991 | U73: =IF(AND(M73="Cancelled", RAND()<0.5), F73 + RANDBETWEEN(10,50), N73 ) -> 45957
A74: ="MEM" & TEXT(ROW()-1,"0000") -> MEM0073 | B74: =INDEX('Name pool'!A:A, RANDBETWEEN(2, COUNTA('Name pool'!A:A))) & " " & INDEX('Name pool'!B:B, RANDBETWEEN(2, COUNTA('Name pool'!B:B))) -> Deepak Gupta | C74: Bangalore | D74: =CHOOSE(RANDBETWEEN(1,7),"BR01","BR02","BR03","BR04","BR05","BR06","BR07") -> BR04 | E74: =CHOOSE(RANDBETWEEN(1,3),"Basic","Standard","Premium") -> Standard | F74: 45687 | G74: 45717 | H74: 3500 | I74: =H74 * RANDBETWEEN(1,12) -> 3500 | J74: 18 | K74: =CHOOSE(RANDBETWEEN(1,2),"Yes","No") -> Yes | L74: =CHOOSE(RANDBETWEEN(1,3),"Weight Loss","Muscle Gain","General Fitness") -> General Fitness | M74: =IF(J74<5,IF(RANDBETWEEN(1,100)<70,"Cancelled","Active"),"Active") -> Active | N74: 45912 | Q74: =IF(RAND()<0.2, IF(RAND()<0.5, LOWER(C74), UPPER(C74)), C74 ) -> Bangalore | R74: =IF(RAND()<0.15, J74 & " visits", J74 ) -> 18 | S74: =IF(RAND()<0.1, TEXT(H74,"0"), H74 ) -> 3500 | T74: =RANDBETWEEN(DATE(2023,1,1), DATE(2026,1,31)) -> 45531 | U74: =IF(AND(M74="Cancelled", RAND()<0.5), F74 + RANDBETWEEN(10,50), N74 ) -> 45912
A75: ="MEM" & TEXT(ROW()-1,"0000") -> MEM0074 | B75: =INDEX('Name pool'!A:A, RANDBETWEEN(2, COUNTA('Name pool'!A:A))) & " " & INDEX('Name pool'!B:B, RANDBETWEEN(2, COUNTA('Name pool'!B:B))) -> Swathi Das | C75: bangalore | D75: =CHOOSE(RANDBETWEEN(1,7),"BR01","BR02","BR03","BR04","BR05","BR06","BR07") -> BR07 | E75: =CHOOSE(RANDBETWEEN(1,3),"Basic","Standard","Premium") -> Basic | F75: 45243 | G75: 45608 | H75: 1000 | I75: =H75 * RANDBETWEEN(1,12) -> 8000 | J75: 8 | K75: =CHOOSE(RANDBETWEEN(1,2),"Yes","No") -> Yes | L75: =CHOOSE(RANDBETWEEN(1,3),"Weight Loss","Muscle Gain","General Fitness") -> Muscle Gain | M75: =IF(J75<5,IF(RANDBETWEEN(1,100)<70,"Cancelled","Active"),"Active") -> Active | N75: 45664 | Q75: =IF(RAND()<0.2, IF(RAND()<0.5, LOWER(C75), UPPER(C75)), C75 ) -> bangalore | R75: =IF(RAND()<0.15, J75 & " visits", J75 ) -> 8 | S75: =IF(RAND()<0.1, TEXT(H75,"0"), H75 ) -> 1000 | T75: =RANDBETWEEN(DATE(2023,1,1), DATE(2026,1,31)) -> 45128 | U75: =IF(AND(M75="Cancelled", RAND()<0.5), F75 + RANDBETWEEN(10,50), N75 ) -> 45664
A76: ="MEM" & TEXT(ROW()-1,"0000") -> MEM0075 | B76: =INDEX('Name pool'!A:A, RANDBETWEEN(2, COUNTA('Name pool'!A:A))) & " " & INDEX('Name pool'!B:B, RANDBETWEEN(2, COUNTA('Name pool'!B:B))) -> Divya Nambiar | C76: Kochi | D76: =CHOOSE(RANDBETWEEN(1,7),"BR01","BR02","BR03","BR04","BR05","BR06","BR07") -> BR01 | E76: =CHOOSE(RANDBETWEEN(1,3),"Basic","Standard","Premium") -> Premium | F76: 45762 | G76: 45792 | H76: 2000 | I76: =H76 * RANDBETWEEN(1,12) -> 14000 | J76: 8 | K76: =CHOOSE(RANDBETWEEN(1,2),"Yes","No") -> No | L76: =CHOOSE(RANDBETWEEN(1,3),"Weight Loss","Muscle Gain","General Fitness") -> Weight Loss | M76: =IF(J76<5,IF(RANDBETWEEN(1,100)<70,"Cancelled","Active"),"Active") -> Active | N76: 46054 | Q76: =IF(RAND()<0.2, IF(RAND()<0.5, LOWER(C76), UPPER(C76)), C76 ) -> Kochi | R76: =IF(RAND()<0.15, J76 & " visits", J76 ) -> 8 | S76: =IF(RAND()<0.1, TEXT(H76,"0"), H76 ) -> 2000 | T76: =RANDBETWEEN(DATE(2023,1,1), DATE(2026,1,31)) -> 45633 | U76: =IF(AND(M76="Cancelled", RAND()<0.5), F76 + RANDBETWEEN(10,50), N76 ) -> 46054
A77: ="MEM" & TEXT(ROW()-1,"0000") -> MEM0076 | B77: =INDEX('Name pool'!A:A, RANDBETWEEN(2, COUNTA('Name pool'!A:A))) & " " & INDEX('Name pool'!B:B, RANDBETWEEN(2, COUNTA('Name pool'!B:B))) -> Priya Malhotra | C77: Trivandrum | D77: =CHOOSE(RANDBETWEEN(1,7),"BR01","BR02","BR03","BR04","BR05","BR06","BR07") -> BR07 | E77: =CHOOSE(RANDBETWEEN(1,3),"Basic","Standard","Premium") -> Premium | F77: 45803 | G77: 46168 | H77: 1000 | I77: =H77 * RANDBETWEEN(1,12) -> 1000 | J77: 0 | K77: =CHOOSE(RANDBETWEEN(1,2),"Yes","No") -> Yes | L77: =CHOOSE(RANDBETWEEN(1,3),"Weight Loss","Muscle Gain","General Fitness") -> Muscle Gain | M77: =IF(J77<5,IF(RANDBETWEEN(1,100)<70,"Cancelled","Active"),"Active") -> Cancelled | N77: 46015 | Q77: =IF(RAND()<0.2, IF(RAND()<0.5, LOWER(C77), UPPER(C77)), C77 ) -> Trivandrum | R77: =IF(RAND()<0.15, J77 & " visits", J77 ) -> 0 visits | S77: =IF(RAND()<0.1, TEXT(H77,"0"), H77 ) -> 1000 | T77: =RANDBETWEEN(DATE(2023,1,1), DATE(2026,1,31)) -> 45373 | U77: =IF(AND(M77="Cancelled", RAND()<0.5), F77 + RANDBETWEEN(10,50), N77 ) -> 45847
A78: ="MEM" & TEXT(ROW()-1,"0000") -> MEM0077 | B78: =INDEX('Name pool'!A:A, RANDBETWEEN(2, COUNTA('Name pool'!A:A))) & " " & INDEX('Name pool'!B:B, RANDBETWEEN(2, COUNTA('Name pool'!B:B))) -> Riya Pillai | C78: Bangalore | D78: =CHOOSE(RANDBETWEEN(1,7),"BR01","BR02","BR03","BR04","BR05","BR06","BR07") -> BR05 | E78: =CHOOSE(RANDBETWEEN(1,3),"Basic","Standard","Premium") -> Standard | F78: 45964 | G78: 45994 | H78: 1000 | I78: =H78 * RANDBETWEEN(1,12) -> 1000 | J78: 14 | K78: =CHOOSE(RANDBETWEEN(1,2),"Yes","No") -> No | L78: =CHOOSE(RANDBETWEEN(1,3),"Weight Loss","Muscle Gain","General Fitness") -> Muscle Gain | M78: =IF(J78<5,IF(RANDBETWEEN(1,100)<70,"Cancelled","Active"),"Active") -> Active | N78: 45971 | Q78: =IF(RAND()<0.2, IF(RAND()<0.5, LOWER(C78), UPPER(C78)), C78 ) -> Bangalore | R78: =IF(RAND()<0.15, J78 & " visits", J78 ) -> 14 | S78: =IF(RAND()<0.1, TEXT(H78,"0"), H78 ) -> 1000 | T78: =RANDBETWEEN(DATE(2023,1,1), DATE(2026,1,31)) -> 45612 | U78: =IF(AND(M78="Cancelled", RAND()<0.5), F78 + RANDBETWEEN(10,50), N78 ) -> 45971
A79: ="MEM" & TEXT(ROW()-1,"0000") -> MEM0078 | B79: =INDEX('Name pool'!A:A, RANDBETWEEN(2, COUNTA('Name pool'!A:A))) & " " & INDEX('Name pool'!B:B, RANDBETWEEN(2, COUNTA('Name pool'!B:B))) -> Anjali Desai | C79: Bangalore | D79: =CHOOSE(RANDBETWEEN(1,7),"BR01","BR02","BR03","BR04","BR05","BR06","BR07") -> BR05 | E79: =CHOOSE(RANDBETWEEN(1,3),"Basic","Standard","Premium") -> Standard | F79: 45124 | G79: 45489 | H79: 3500 | I79: =H79 * RANDBETWEEN(1,12) -> 38500 | J79: 20 | K79: =CHOOSE(RANDBETWEEN(1,2),"Yes","No") -> Yes | L79: =CHOOSE(RANDBETWEEN(1,3),"Weight Loss","Muscle Gain","General Fitness") -> General Fitness | M79: =IF(J79<5,IF(RANDBETWEEN(1,100)<70,"Cancelled","Active"),"Active") -> Active | N79: 45171 | Q79: =IF(RAND()<0.2, IF(RAND()<0.5, LOWER(C79), UPPER(C79)), C79 ) -> Bangalore | R79: =IF(RAND()<0.15, J79 & " visits", J79 ) -> 20 visits | S79: =IF(RAND()<0.1, TEXT(H79,"0"), H79 ) -> 3500 | T79: =RANDBETWEEN(DATE(2023,1,1), DATE(2026,1,31)) -> 45051 | U79: =IF(AND(M79="Cancelled", RAND()<0.5), F79 + RANDBETWEEN(10,50), N79 ) -> 45171
A80: ="MEM" & TEXT(ROW()-1,"0000") -> MEM0079 | B80: =INDEX('Name pool'!A:A, RANDBETWEEN(2, COUNTA('Name pool'!A:A))) & " " & INDEX('Name pool'!B:B, RANDBETWEEN(2, COUNTA('Name pool'!B:B))) -> Akash George | C80: Hyderabad | D80: =CHOOSE(RANDBETWEEN(1,7),"BR01","BR02","BR03","BR04","BR05","BR06","BR07") -> BR02 | E80: =CHOOSE(RANDBETWEEN(1,3),"Basic","Standard","Premium") -> Standard | F80: 45868 | G80: 45958 | H80: 3500 | I80: =H80 * RANDBETWEEN(1,12) -> 21000 | J80: 4 | K80: =CHOOSE(RANDBETWEEN(1,2),"Yes","No") -> Yes | L80: =CHOOSE(RANDBETWEEN(1,3),"Weight Loss","Muscle Gain","General Fitness") -> Weight Loss | M80: =IF(J80<5,IF(RANDBETWEEN(1,100)<70,"Cancelled","Active"),"Active") -> Cancelled | N80: 45949 | Q80: =IF(RAND()<0.2, IF(RAND()<0.5, LOWER(C80), UPPER(C80)), C80 ) -> hyderabad | R80: =IF(RAND()<0.15, J80 & " visits", J80 ) -> 4 | S80: =IF(RAND()<0.1, TEXT(H80,"0"), H80 ) -> 3500 | T80: =RANDBETWEEN(DATE(2023,1,1), DATE(2026,1,31)) -> 45653 | U80: =IF(AND(M80="Cancelled", RAND()<0.5), F80 + RANDBETWEEN(10,50), N80 ) -> 45949
A81: ="MEM" & TEXT(ROW()-1,"0000") -> MEM0080 | B81: =INDEX('Name pool'!A:A, RANDBETWEEN(2, COUNTA('Name pool'!A:A))) & " " & INDEX('Name pool'!B:B, RANDBETWEEN(2, COUNTA('Name pool'!B:B))) -> Sneha Patel | C81: CHENNAI | D81: =CHOOSE(RANDBETWEEN(1,7),"BR01","BR02","BR03","BR04","BR05","BR06","BR07") -> BR05 | E81: =CHOOSE(RANDBETWEEN(1,3),"Basic","Standard","Premium") -> Premium | F81: 45000 | G81: 45365 | H81: 3500 | I81: =H81 * RANDBETWEEN(1,12) -> 38500 | J81: 25 visits | K81: =CHOOSE(RANDBETWEEN(1,2),"Yes","No") -> Yes | L81: =CHOOSE(RANDBETWEEN(1,3),"Weight Loss","Muscle Gain","General Fitness") -> General Fitness | M81: =IF(J81<5,IF(RANDBETWEEN(1,100)<70,"Cancelled","Active"),"Active") -> Active | N81: 45842 | Q81: =IF(RAND()<0.2, IF(RAND()<0.5, LOWER(C81), UPPER(C81)), C81 ) -> CHENNAI | R81: =IF(RAND()<0.15, J81 & " visits", J81 ) -> 25 visits | S81: =IF(RAND()<0.1, TEXT(H81,"0"), H81 ) -> 3500 | T81: =RANDBETWEEN(DATE(2023,1,1), DATE(2026,1,31)) -> 44975 | U81: =IF(AND(M81="Cancelled", RAND()<0.5), F81 + RANDBETWEEN(10,50), N81 ) -> 45842
A82: ="MEM" & TEXT(ROW()-1,"0000") -> MEM0081 | B82: =INDEX('Name pool'!A:A, RANDBETWEEN(2, COUNTA('Name pool'!A:A))) & " " & INDEX('Name pool'!B:B, RANDBETWEEN(2, COUNTA('Name pool'!B:B))) -> Sanjay Patel | C82: KOCHI | D82: =CHOOSE(RANDBETWEEN(1,7),"BR01","BR02","BR03","BR04","BR05","BR06","BR07") -> BR03 | E82: =CHOOSE(RANDBETWEEN(1,3),"Basic","Standard","Premium") -> Standard | F82: 45204 | G82: 45234 | H82: 3500 | I82: =H82 * RANDBETWEEN(1,12) -> 28000 | J82: 23 | K82: =CHOOSE(RANDBETWEEN(1,2),"Yes","No") -> No | L82: =CHOOSE(RANDBETWEEN(1,3),"Weight Loss","Muscle Gain","General Fitness") -> General Fitness | M82: =IF(J82<5,IF(RANDBETWEEN(1,100)<70,"Cancelled","Active"),"Active") -> Active | N82: 46063 | Q82: =IF(RAND()<0.2, IF(RAND()<0.5, LOWER(C82), UPPER(C82)), C82 ) -> KOCHI | R82: =IF(RAND()<0.15, J82 & " visits", J82 ) -> 23 | S82: =IF(RAND()<0.1, TEXT(H82,"0"), H82 ) -> 3500 | T82: =RANDBETWEEN(DATE(2023,1,1), DATE(2026,1,31)) -> 45267 | U82: =IF(AND(M82="Cancelled", RAND()<0.5), F82 + RANDBETWEEN(10,50), N82 ) -> 46063
A83: ="MEM" & TEXT(ROW()-1,"0000") -> MEM0082 | B83: =INDEX('Name pool'!A:A, RANDBETWEEN(2, COUNTA('Name pool'!A:A))) & " " & INDEX('Name pool'!B:B, RANDBETWEEN(2, COUNTA('Name pool'!B:B))) -> Aditya Singh | C83: Bangalore | D83: =CHOOSE(RANDBETWEEN(1,7),"BR01","BR02","BR03","BR04","BR05","BR06","BR07") -> BR03 | E83: =CHOOSE(RANDBETWEEN(1,3),"Basic","Standard","Premium") -> Standard | F83: 45686 | G83: 45716 | H83: 3500 | I83: =H83 * RANDBETWEEN(1,12) -> 7000 | J83: 20 | K83: =CHOOSE(RANDBETWEEN(1,2),"Yes","No") -> Yes | L83: =CHOOSE(RANDBETWEEN(1,3),"Weight Loss","Muscle Gain","General Fitness") -> Muscle Gain | M83: =IF(J83<5,IF(RANDBETWEEN(1,100)<70,"Cancelled","Active"),"Active") -> Active | N83: 45949 | Q83: =IF(RAND()<0.2, IF(RAND()<0.5, LOWER(C83), UPPER(C83)), C83 ) -> Bangalore | R83: =IF(RAND()<0.15, J83 & " visits", J83 ) -> 20 | S83: =IF(RAND()<0.1, TEXT(H83,"0"), H83 ) -> 3500 | T83: =RANDBETWEEN(DATE(2023,1,1), DATE(2026,1,31)) -> 45491 | U83: =IF(AND(M83="Cancelled", RAND()<0.5), F83 + RANDBETWEEN(10,50), N83 ) -> 45949
A84: ="MEM" & TEXT(ROW()-1,"0000") -> MEM0083 | B84: =INDEX('Name pool'!A:A, RANDBETWEEN(2, COUNTA('Name pool'!A:A))) & " " & INDEX('Name pool'!B:B, RANDBETWEEN(2, COUNTA('Name pool'!B:B))) -> Aditya Malhotra | C84: Trivandrum | D84: =CHOOSE(RANDBETWEEN(1,7),"BR01","BR02","BR03","BR04","BR05","BR06","BR07") -> BR06 | E84: =CHOOSE(RANDBETWEEN(1,3),"Basic","Standard","Premium") -> Premium | F84: 45756 | G84: 46121 | H84: 1000 | I84: =H84 * RANDBETWEEN(1,12) -> 9000 | J84: 13 | K84: =CHOOSE(RANDBETWEEN(1,2),"Yes","No") -> No | L84: =CHOOSE(RANDBETWEEN(1,3),"Weight Loss","Muscle Gain","General Fitness") -> General Fitness | M84: =IF(J84<5,IF(RANDBETWEEN(1,100)<70,"Cancelled","Active"),"Active") -> Active | N84: 46055 | Q84: =IF(RAND()<0.2, IF(RAND()<0.5, LOWER(C84), UPPER(C84)), C84 ) -> Trivandrum | R84: =IF(RAND()<0.15, J84 & " visits", J84 ) -> 13 visits | S84: =IF(RAND()<0.1, TEXT(H84,"0"), H84 ) -> 1000 | T84: =RANDBETWEEN(DATE(2023,1,1), DATE(2026,1,31)) -> 45030 | U84: =IF(AND(M84="Cancelled", RAND()<0.5), F84 + RANDBETWEEN(10,50), N84 ) -> 46055
A85: ="MEM" & TEXT(ROW()-1,"0000") -> MEM0084 | B85: =INDEX('Name pool'!A:A, RANDBETWEEN(2, COUNTA('Name pool'!A:A))) & " " & INDEX('Name pool'!B:B, RANDBETWEEN(2, COUNTA('Name pool'!B:B))) -> Sanjay George | C85: Kochi | D85: =CHOOSE(RANDBETWEEN(1,7),"BR01","BR02","BR03","BR04","BR05","BR06","BR07") -> BR02 | E85: =CHOOSE(RANDBETWEEN(1,3),"Basic","Standard","Premium") -> Basic | F85: 45832 | G85: 45922 | H85: 2000 | I85: =H85 * RANDBETWEEN(1,12) -> 8000 | J85: 7 | K85: =CHOOSE(RANDBETWEEN(1,2),"Yes","No") -> No | L85: =CHOOSE(RANDBETWEEN(1,3),"Weight Loss","Muscle Gain","General Fitness") -> Muscle Gain | M85: =IF(J85<5,IF(RANDBETWEEN(1,100)<70,"Cancelled","Active"),"Active") -> Active | N85: 46003 | Q85: =IF(RAND()<0.2, IF(RAND()<0.5, LOWER(C85), UPPER(C85)), C85 ) -> KOCHI | R85: =IF(RAND()<0.15, J85 & " visits", J85 ) -> 7 | S85: =IF(RAND()<0.1, TEXT(H85,"0"), H85 ) -> 2000 | T85: =RANDBETWEEN(DATE(2023,1,1), DATE(2026,1,31)) -> 45045 | U85: =IF(AND(M85="Cancelled", RAND()<0.5), F85 + RANDBETWEEN(10,50), N85 ) -> 46003
A86: ="MEM" & TEXT(ROW()-1,"0000") -> MEM0085 | B86: =INDEX('Name pool'!A:A, RANDBETWEEN(2, COUNTA('Name pool'!A:A))) & " " & INDEX('Name pool'!B:B, RANDBETWEEN(2, COUNTA('Name pool'!B:B))) -> Shreya Banerjee | C86: Calicut | D86: =CHOOSE(RANDBETWEEN(1,7),"BR01","BR02","BR03","BR04","BR05","BR06","BR07") -> BR07 | E86: =CHOOSE(RANDBETWEEN(1,3),"Basic","Standard","Premium") -> Basic | F86: 45764 | G86: 45854 | H86: 1000 | I86: =H86 * RANDBETWEEN(1,12) -> 2000 | J86: 20 | K86: =CHOOSE(RANDBETWEEN(1,2),"Yes","No") -> Yes | L86: =CHOOSE(RANDBETWEEN(1,3),"Weight Loss","Muscle Gain","General Fitness") -> Weight Loss | M86: =IF(J86<5,IF(RANDBETWEEN(1,100)<70,"Cancelled","Active"),"Active") -> Active | N86: 46029 | Q86: =IF(RAND()<0.2, IF(RAND()<0.5, LOWER(C86), UPPER(C86)), C86 ) -> Calicut | R86: =IF(RAND()<0.15, J86 & " visits", J86 ) -> 20 | S86: =IF(RAND()<0.1, TEXT(H86,"0"), H86 ) -> 1000 | T86: =RANDBETWEEN(DATE(2023,1,1), DATE(2026,1,31)) -> 46007 | U86: =IF(AND(M86="Cancelled", RAND()<0.5), F86 + RANDBETWEEN(10,50), N86 ) -> 46029
A87: ="MEM" & TEXT(ROW()-1,"0000") -> MEM0086 | B87: =INDEX('Name pool'!A:A, RANDBETWEEN(2, COUNTA('Name pool'!A:A))) & " " & INDEX('Name pool'!B:B, RANDBETWEEN(2, COUNTA('Name pool'!B:B))) -> Nisha Reddy | C87: Mumbai | D87: =CHOOSE(RANDBETWEEN(1,7),"BR01","BR02","BR03","BR04","BR05","BR06","BR07") -> BR01 | E87: =CHOOSE(RANDBETWEEN(1,3),"Basic","Standard","Premium") -> Premium | F87: 45938 | G87: 46028 | H87: 2000 | I87: =H87 * RANDBETWEEN(1,12) -> 12000 | J87: 25 | K87: =CHOOSE(RANDBETWEEN(1,2),"Yes","No") -> No | L87: =CHOOSE(RANDBETWEEN(1,3),"Weight Loss","Muscle Gain","General Fitness") -> Muscle Gain | M87: =IF(J87<5,IF(RANDBETWEEN(1,100)<70,"Cancelled","Active"),"Active") -> Active | N87: 45944 | Q87: =IF(RAND()<0.2, IF(RAND()<0.5, LOWER(C87), UPPER(C87)), C87 ) -> Mumbai | R87: =IF(RAND()<0.15, J87 & " visits", J87 ) -> 25 | S87: =IF(RAND()<0.1, TEXT(H87,"0"), H87 ) -> 2000 | T87: =RANDBETWEEN(DATE(2023,1,1), DATE(2026,1,31)) -> 45905 | U87: =IF(AND(M87="Cancelled", RAND()<0.5), F87 + RANDBETWEEN(10,50), N87 ) -> 45944
A88: ="MEM" & TEXT(ROW()-1,"0000") -> MEM0087 | B88: =INDEX('Name pool'!A:A, RANDBETWEEN(2, COUNTA('Name pool'!A:A))) & " " & INDEX('Name pool'!B:B, RANDBETWEEN(2, COUNTA('Name pool'!B:B))) -> Kavya Iyer | C88: chennai | D88: =CHOOSE(RANDBETWEEN(1,7),"BR01","BR02","BR03","BR04","BR05","BR06","BR07") -> BR06 | E88: =CHOOSE(RANDBETWEEN(1,3),"Basic","Standard","Premium") -> Premium | F88: 45087 | G88: 45117 | H88: 1000 | I88: =H88 * RANDBETWEEN(1,12) -> 1000 | J88: 18 | K88: =CHOOSE(RANDBETWEEN(1,2),"Yes","No") -> Yes | L88: =CHOOSE(RANDBETWEEN(1,3),"Weight Loss","Muscle Gain","General Fitness") -> Weight Loss | M88: =IF(J88<5,IF(RANDBETWEEN(1,100)<70,"Cancelled","Active"),"Active") -> Active | N88: 45655 | Q88: =IF(RAND()<0.2, IF(RAND()<0.5, LOWER(C88), UPPER(C88)), C88 ) -> chennai | R88: =IF(RAND()<0.15, J88 & " visits", J88 ) -> 18 | S88: =IF(RAND()<0.1, TEXT(H88,"0"), H88 ) -> 1000 | T88: =RANDBETWEEN(DATE(2023,1,1), DATE(2026,1,31)) -> 45489 | U88: =IF(AND(M88="Cancelled", RAND()<0.5), F88 + RANDBETWEEN(10,50), N88 ) -> 45655
A89: ="MEM" & TEXT(ROW()-1,"0000") -> MEM0088 | B89: =INDEX('Name pool'!A:A, RANDBETWEEN(2, COUNTA('Name pool'!A:A))) & " " & INDEX('Name pool'!B:B, RANDBETWEEN(2, COUNTA('Name pool'!B:B))) -> Anu Nambiar | C89: Mumbai | D89: =CHOOSE(RANDBETWEEN(1,7),"BR01","BR02","BR03","BR04","BR05","BR06","BR07") -> BR02 | E89: =CHOOSE(RANDBETWEEN(1,3),"Basic","Standard","Premium") -> Premium | F89: 45500 | G89: 45865 | H89: 2000 | I89: =H89 * RANDBETWEEN(1,12) -> 18000 | J89: 4 | K89: =CHOOSE(RANDBETWEEN(1,2),"Yes","No") -> Yes | L89: =CHOOSE(RANDBETWEEN(1,3),"Weight Loss","Muscle Gain","General Fitness") -> Muscle Gain | M89: =IF(J89<5,IF(RANDBETWEEN(1,100)<70,"Cancelled","Active"),"Active") -> Cancelled | N89: 45511 | Q89: =IF(RAND()<0.2, IF(RAND()<0.5, LOWER(C89), UPPER(C89)), C89 ) -> Mumbai | R89: =IF(RAND()<0.15, J89 & " visits", J89 ) -> 4 | S89: =IF(RAND()<0.1, TEXT(H89,"0"), H89 ) -> 2000 | T89: =RANDBETWEEN(DATE(2023,1,1), DATE(2026,1,31)) -> 45235 | U89: =IF(AND(M89="Cancelled", RAND()<0.5), F89 + RANDBETWEEN(10,50), N89 ) -> 45511
A90: ="MEM" & TEXT(ROW()-1,"0000") -> MEM0089 | B90: =INDEX('Name pool'!A:A, RANDBETWEEN(2, COUNTA('Name pool'!A:A))) & " " & INDEX('Name pool'!B:B, RANDBETWEEN(2, COUNTA('Name pool'!B:B))) -> Ishita Nair | C90: Trivandrum | D90: =CHOOSE(RANDBETWEEN(1,7),"BR01","BR02","BR03","BR04","BR05","BR06","BR07") -> BR03 | E90: =CHOOSE(RANDBETWEEN(1,3),"Basic","Standard","Premium") -> Premium | F90: 45834 | G90: 46199 | H90: 2000 | I90: =H90 * RANDBETWEEN(1,12) -> 4000 | J90: 18 | K90: =CHOOSE(RANDBETWEEN(1,2),"Yes","No") -> No | L90: =CHOOSE(RANDBETWEEN(1,3),"Weight Loss","Muscle Gain","General Fitness") -> Weight Loss | M90: =IF(J90<5,IF(RANDBETWEEN(1,100)<70,"Cancelled","Active"),"Active") -> Active | N90: 46099 | Q90: =IF(RAND()<0.2, IF(RAND()<0.5, LOWER(C90), UPPER(C90)), C90 ) -> Trivandrum | R90: =IF(RAND()<0.15, J90 & " visits", J90 ) -> 18 visits | S90: =IF(RAND()<0.1, TEXT(H90,"0"), H90 ) -> 2000 | T90: =RANDBETWEEN(DATE(2023,1,1), DATE(2026,1,31)) -> 45700 | U90: =IF(AND(M90="Cancelled", RAND()<0.5), F90 + RANDBETWEEN(10,50), N90 ) -> 46099
A91: ="MEM" & TEXT(ROW()-1,"0000") -> MEM0090 | B91: =INDEX('Name pool'!A:A, RANDBETWEEN(2, COUNTA('Name pool'!A:A))) & " " & INDEX('Name pool'!B:B, RANDBETWEEN(2, COUNTA('Name pool'!B:B))) -> Ankit Pillai | C91: Trivandrum | D91: =CHOOSE(RANDBETWEEN(1,7),"BR01","BR02","BR03","BR04","BR05","BR06","BR07") -> BR01 | E91: =CHOOSE(RANDBETWEEN(1,3),"Basic","Standard","Premium") -> Basic | F91: 45862 | G91: 45952 | H91: 3500 | I91: =H91 * RANDBETWEEN(1,12) -> 42000 | J91: 9 | K91: =CHOOSE(RANDBETWEEN(1,2),"Yes","No") -> Yes | L91: =CHOOSE(RANDBETWEEN(1,3),"Weight Loss","Muscle Gain","General Fitness") -> Muscle Gain | M91: =IF(J91<5,IF(RANDBETWEEN(1,100)<70,"Cancelled","Active"),"Active") -> Active | N91: 45994 | Q91: =IF(RAND()<0.2, IF(RAND()<0.5, LOWER(C91), UPPER(C91)), C91 ) -> Trivandrum | R91: =IF(RAND()<0.15, J91 & " visits", J91 ) -> 9 visits | S91: =IF(RAND()<0.1, TEXT(H91,"0"), H91 ) -> 3500 | T91: =RANDBETWEEN(DATE(2023,1,1), DATE(2026,1,31)) -> 45138 | U91: =IF(AND(M91="Cancelled", RAND()<0.5), F91 + RANDBETWEEN(10,50), N91 ) -> 45994
A92: ="MEM" & TEXT(ROW()-1,"0000") -> MEM0091 | B92: =INDEX('Name pool'!A:A, RANDBETWEEN(2, COUNTA('Name pool'!A:A))) & " " & INDEX('Name pool'!B:B, RANDBETWEEN(2, COUNTA('Name pool'!B:B))) -> Tanvi Singh | C92: Kochi | D92: =CHOOSE(RANDBETWEEN(1,7),"BR01","BR02","BR03","BR04","BR05","BR06","BR07") -> BR01 | E92: =CHOOSE(RANDBETWEEN(1,3),"Basic","Standard","Premium") -> Basic | F92: 45869 | G92: 45959 | H92: 1000 | I92: =H92 * RANDBETWEEN(1,12) -> 8000 | J92: 1 | K92: =CHOOSE(RANDBETWEEN(1,2),"Yes","No") -> Yes | L92: =CHOOSE(RANDBETWEEN(1,3),"Weight Loss","Muscle Gain","General Fitness") -> Weight Loss | M92: =IF(J92<5,IF(RANDBETWEEN(1,100)<70,"Cancelled","Active"),"Active") -> Cancelled | N92: 45889 | Q92: =IF(RAND()<0.2, IF(RAND()<0.5, LOWER(C92), UPPER(C92)), C92 ) -> Kochi | R92: =IF(RAND()<0.15, J92 & " visits", J92 ) -> 1 | S92: =IF(RAND()<0.1, TEXT(H92,"0"), H92 ) -> 1000 | T92: =RANDBETWEEN(DATE(2023,1,1), DATE(2026,1,31)) -> 46051 | U92: =IF(AND(M92="Cancelled", RAND()<0.5), F92 + RANDBETWEEN(10,50), N92 ) -> 45889
A93: ="MEM" & TEXT(ROW()-1,"0000") -> MEM0092 | B93: =INDEX('Name pool'!A:A, RANDBETWEEN(2, COUNTA('Name pool'!A:A))) & " " & INDEX('Name pool'!B:B, RANDBETWEEN(2, COUNTA('Name pool'!B:B))) -> Ayesha Nambiar | C93: Mumbai | D93: =CHOOSE(RANDBETWEEN(1,7),"BR01","BR02","BR03","BR04","BR05","BR06","BR07") -> BR02 | E93: =CHOOSE(RANDBETWEEN(1,3),"Basic","Standard","Premium") -> Premium | F93: 45874 | G93: 45904 | H93: 3500 | I93: =H93 * RANDBETWEEN(1,12) -> 17500 | J93: 3 | K93: =CHOOSE(RANDBETWEEN(1,2),"Yes","No") -> No | L93: =CHOOSE(RANDBETWEEN(1,3),"Weight Loss","Muscle Gain","General Fitness") -> Weight Loss | M93: =IF(J93<5,IF(RANDBETWEEN(1,100)<70,"Cancelled","Active"),"Active") -> Cancelled | N93: 45910 | Q93: =IF(RAND()<0.2, IF(RAND()<0.5, LOWER(C93), UPPER(C93)), C93 ) -> MUMBAI | R93: =IF(RAND()<0.15, J93 & " visits", J93 ) -> 3 | S93: =IF(RAND()<0.1, TEXT(H93,"0"), H93 ) -> 3500 | T93: =RANDBETWEEN(DATE(2023,1,1), DATE(2026,1,31)) -> 45268 | U93: =IF(AND(M93="Cancelled", RAND()<0.5), F93 + RANDBETWEEN(10,50), N93 ) -> 45910
A94: ="MEM" & TEXT(ROW()-1,"0000") -> MEM0093 | B94: =INDEX('Name pool'!A:A, RANDBETWEEN(2, COUNTA('Name pool'!A:A))) & " " & INDEX('Name pool'!B:B, RANDBETWEEN(2, COUNTA('Name pool'!B:B))) -> Neha Shetty | C94: CHENNAI | D94: =CHOOSE(RANDBETWEEN(1,7),"BR01","BR02","BR03","BR04","BR05","BR06","BR07") -> BR06 | E94: =CHOOSE(RANDBETWEEN(1,3),"Basic","Standard","Premium") -> Standard | F94: 45277 | G94: 45307 | H94: 3500 | I94: =H94 * RANDBETWEEN(1,12) -> 38500 | J94: 15 | K94: =CHOOSE(RANDBETWEEN(1,2),"Yes","No") -> No | L94: =CHOOSE(RANDBETWEEN(1,3),"Weight Loss","Muscle Gain","General Fitness") -> General Fitness | M94: =IF(J94<5,IF(RANDBETWEEN(1,100)<70,"Cancelled","Active"),"Active") -> Active | N94: 45927 | Q94: =IF(RAND()<0.2, IF(RAND()<0.5, LOWER(C94), UPPER(C94)), C94 ) -> CHENNAI | R94: =IF(RAND()<0.15, J94 & " visits", J94 ) -> 15 | S94: =IF(RAND()<0.1, TEXT(H94,"0"), H94 ) -> 3500 | T94: =RANDBETWEEN(DATE(2023,1,1), DATE(2026,1,31)) -> 45053 | U94: =IF(AND(M94="Cancelled", RAND()<0.5), F94 + RANDBETWEEN(10,50), N94 ) -> 45927
A95: ="MEM" & TEXT(ROW()-1,"0000") -> MEM0094 | B95: =INDEX('Name pool'!A:A, RANDBETWEEN(2, COUNTA('Name pool'!A:A))) & " " & INDEX('Name pool'!B:B, RANDBETWEEN(2, COUNTA('Name pool'!B:B))) -> Rohit Fernandes | C95: Trivandrum | D95: =CHOOSE(RANDBETWEEN(1,7),"BR01","BR02","BR03","BR04","BR05","BR06","BR07") -> BR02 | E95: =CHOOSE(RANDBETWEEN(1,3),"Basic","Standard","Premium") -> Basic | F95: 45368 | G95: 45398 | H95: 2000 | I95: =H95 * RANDBETWEEN(1,12) -> 12000 | J95: 8 | K95: =CHOOSE(RANDBETWEEN(1,2),"Yes","No") -> No | L95: =CHOOSE(RANDBETWEEN(1,3),"Weight Loss","Muscle Gain","General Fitness") -> Muscle Gain | M95: =IF(J95<5,IF(RANDBETWEEN(1,100)<70,"Cancelled","Active"),"Active") -> Active | N95: 45935 | Q95: =IF(RAND()<0.2, IF(RAND()<0.5, LOWER(C95), UPPER(C95)), C95 ) -> Trivandrum | R95: =IF(RAND()<0.15, J95 & " visits", J95 ) -> 8 | S95: =IF(RAND()<0.1, TEXT(H95,"0"), H95 ) -> 2000 | T95: =RANDBETWEEN(DATE(2023,1,1), DATE(2026,1,31)) -> 45227 | U95: =IF(AND(M95="Cancelled", RAND()<0.5), F95 + RANDBETWEEN(10,50), N95 ) -> 45935
... A98: ="MEM" & TEXT(ROW()-1,"0000") -> MEM0097 | B98: =INDEX('Name pool'!A:A, RANDBETWEEN(2, COUNTA('Name pool'!A:A))) & " " & INDEX('Name pool'!B:B, RANDBETWEEN(2, COUNTA('Name pool'!B:B))) -> Neha Iyer | C98: Kochi | D98: =CHOOSE(RANDBETWEEN(1,7),"BR01","BR02","BR03","BR04","BR05","BR06","BR07") -> BR07 | E98: =CHOOSE(RANDBETWEEN(1,3),"Basic","Standard","Premium") -> Standard | F98: 45176 | G98: 45541 | H98: 1000 | I98: =H98 * RANDBETWEEN(1,12) -> 4000 | J98: 3 | K98: =CHOOSE(RANDBETWEEN(1,2),"Yes","No") -> Yes | L98: =CHOOSE(RANDBETWEEN(1,3),"Weight Loss","Muscle Gain","General Fitness") -> General Fitness | M98: =IF(J98<5,IF(RANDBETWEEN(1,100)<70,"Cancelled","Active"),"Active") -> Cancelled | N98: 45685 | Q98: =IF(RAND()<0.2, IF(RAND()<0.5, LOWER(C98), UPPER(C98)), C98 ) -> Kochi | R98: =IF(RAND()<0.15, J98 & " visits", J98 ) -> 3 | S98: =IF(RAND()<0.1, TEXT(H98,"0"), H98 ) -> 1000 | T98: =RANDBETWEEN(DATE(2023,1,1), DATE(2026,1,31)) -> 45975 | U98: =IF(AND(M98="Cancelled", RAND()<0.5), F98 + RANDBETWEEN(10,50), N98 ) -> 45685
A99: ="MEM" & TEXT(ROW()-1,"0000") -> MEM0098 | B99: =INDEX('Name pool'!A:A, RANDBETWEEN(2, COUNTA('Name pool'!A:A))) & " " & INDEX('Name pool'!B:B, RANDBETWEEN(2, COUNTA('Name pool'!B:B))) -> Sneha Kulkarni | C99: Mumbai | D99: =CHOOSE(RANDBETWEEN(1,7),"BR01","BR02","BR03","BR04","BR05","BR06","BR07") -> BR05 | E99: =CHOOSE(RANDBETWEEN(1,3),"Basic","Standard","Premium") -> Basic | F99: 45747 | G99: 45837 | H99: 1000 | I99: =H99 * RANDBETWEEN(1,12) -> 2000 | J99: 11 | K99: =CHOOSE(RANDBETWEEN(1,2),"Yes","No") -> No | L99: =CHOOSE(RANDBETWEEN(1,3),"Weight Loss","Muscle Gain","General Fitness") -> Weight Loss | M99: =IF(J99<5,IF(RANDBETWEEN(1,100)<70,"Cancelled","Active"),"Active") -> Active | N99: 45942 | Q99: =IF(RAND()<0.2, IF(RAND()<0.5, LOWER(C99), UPPER(C99)), C99 ) -> Mumbai | R99: =IF(RAND()<0.15, J99 & " visits", J99 ) -> 11 | S99: =IF(RAND()<0.1, TEXT(H99,"0"), H99 ) -> 1000 | T99: =RANDBETWEEN(DATE(2023,1,1), DATE(2026,1,31)) -> 44933 | U99: =IF(AND(M99="Cancelled", RAND()<0.5), F99 + RANDBETWEEN(10,50), N99 ) -> 45942
A100: ="MEM" & TEXT(ROW()-1,"0000") -> MEM0099 | B100: =INDEX('Name pool'!A:A, RANDBETWEEN(2, COUNTA('Name pool'!A:A))) & " " & INDEX('Name pool'!B:B, RANDBETWEEN(2, COUNTA('Name pool'!B:B))) -> Priya Khan | C100: Chennai | D100: =CHOOSE(RANDBETWEEN(1,7),"BR01","BR02","BR03","BR04","BR05","BR06","BR07") -> BR06 | E100: =CHOOSE(RANDBETWEEN(1,3),"Basic","Standard","Premium") -> Premium | F100: 45393 | G100: 45758 | H100: 3500 | I100: =H100 * RANDBETWEEN(1,12) -> 38500 | J100: 2 | K100: =CHOOSE(RANDBETWEEN(1,2),"Yes","No") -> Yes | L100: =CHOOSE(RANDBETWEEN(1,3),"Weight Loss","Muscle Gain","General Fitness") -> Muscle Gain | M100: =IF(J100<5,IF(RANDBETWEEN(1,100)<70,"Cancelled","Active"),"Active") -> Active | N100: 45429 | Q100: =IF(RAND()<0.2, IF(RAND()<0.5, LOWER(C100), UPPER(C100)), C100 ) -> Chennai | R100: =IF(RAND()<0.15, J100 & " visits", J100 ) -> 2 | S100: =IF(RAND()<0.1, TEXT(H100,"0"), H100 ) -> 3500 | T100: =RANDBETWEEN(DATE(2023,1,1), DATE(2026,1,31)) -> 45543 | U100: =IF(AND(M100="Cancelled", RAND()<0.5), F100 + RANDBETWEEN(10,50), N100 ) -> 45429
A101: ="MEM" & TEXT(ROW()-1,"0000") -> MEM0100 | B101: =INDEX('Name pool'!A:A, RANDBETWEEN(2, COUNTA('Name pool'!A:A))) & " " & INDEX('Name pool'!B:B, RANDBETWEEN(2, COUNTA('Name pool'!B:B))) -> Deepak Das | C101: Mumbai | D101: =CHOOSE(RANDBETWEEN(1,7),"BR01","BR02","BR03","BR04","BR05","BR06","BR07") -> BR01 | E101: =CHOOSE(RANDBETWEEN(1,3),"Basic","Standard","Premium") -> Standard | F101: 45387 | G101: 45417 | H101: 1000 | I101: =H101 * RANDBETWEEN(1,12) -> 6000 | J101: 14 | K101: =CHOOSE(RANDBETWEEN(1,2),"Yes","No") -> No | L101: =CHOOSE(RANDBETWEEN(1,3),"Weight Loss","Muscle Gain","General Fitness") -> General Fitness | M101: =IF(J101<5,IF(RANDBETWEEN(1,100)<70,"Cancelled","Active"),"Active") -> Active | N101: 45536 | Q101: =IF(RAND()<0.2, IF(RAND()<0.5, LOWER(C101), UPPER(C101)), C101 ) -> MUMBAI | R101: =IF(RAND()<0.15, J101 & " visits", J101 ) -> 14 | S101: =IF(RAND()<0.1, TEXT(H101,"0"), H101 ) -> 1000 | T101: =RANDBETWEEN(DATE(2023,1,1), DATE(2026,1,31)) -> 45253 | U101: =IF(AND(M101="Cancelled", RAND()<0.5), F101 + RANDBETWEEN(10,50), N101 ) -> 45536
A102: ="MEM" & TEXT(ROW()-1,"0000") -> MEM0101 | B102: =INDEX('Name pool'!A:A, RANDBETWEEN(2, COUNTA('Name pool'!A:A))) & " " & INDEX('Name pool'!B:B, RANDBETWEEN(2, COUNTA('Name pool'!B:B))) -> Zara Sharma | C102: Chennai | D102: =CHOOSE(RANDBETWEEN(1,7),"BR01","BR02","BR03","BR04","BR05","BR06","BR07") -> BR02 | E102: =CHOOSE(RANDBETWEEN(1,3),"Basic","Standard","Premium") -> Standard | F102: 44938 | G102: 45303 | H102: 2000 | I102: =H102 * RANDBETWEEN(1,12) -> 22000 | J102: 21 visits | K102: =CHOOSE(RANDBETWEEN(1,2),"Yes","No") -> No | L102: =CHOOSE(RANDBETWEEN(1,3),"Weight Loss","Muscle Gain","General Fitness") -> Muscle Gain | M102: =IF(J102<5,IF(RANDBETWEEN(1,100)<70,"Cancelled","Active"),"Active") -> Active | N102: 45495 | Q102: =IF(RAND()<0.2, IF(RAND()<0.5, LOWER(C102), UPPER(C102)), C102 ) -> Chennai | R102: =IF(RAND()<0.15, J102 & " visits", J102 ) -> 21 visits | S102: =IF(RAND()<0.1, TEXT(H102,"0"), H102 ) -> 2000 | T102: =RANDBETWEEN(DATE(2023,1,1), DATE(2026,1,31)) -> 45061 | U102: =IF(AND(M102="Cancelled", RAND()<0.5), F102 + RANDBETWEEN(10,50), N102 ) -> 45495
A103: ="MEM" & TEXT(ROW()-1,"0000") -> MEM0102 | B103: =INDEX('Name pool'!A:A, RANDBETWEEN(2, COUNTA('Name pool'!A:A))) & " " & INDEX('Name pool'!B:B, RANDBETWEEN(2, COUNTA('Name pool'!B:B))) -> Lakshmi Iyer | C103: TRIVANDRUM | D103: =CHOOSE(RANDBETWEEN(1,7),"BR01","BR02","BR03","BR04","BR05","BR06","BR07") -> BR01 | E103: =CHOOSE(RANDBETWEEN(1,3),"Basic","Standard","Premium") -> Premium | F103: 45278 | G103: 45308 | H103: 3500 | I103: =H103 * RANDBETWEEN(1,12) -> 10500 | J103: 12 | K103: =CHOOSE(RANDBETWEEN(1,2),"Yes","No") -> No | L103: =CHOOSE(RANDBETWEEN(1,3),"Weight Loss","Muscle Gain","General Fitness") -> Weight Loss | M103: =IF(J103<5,IF(RANDBETWEEN(1,100)<70,"Cancelled","Active"),"Active") -> Active | N103: 45289 | Q103: =IF(RAND()<0.2, IF(RAND()<0.5, LOWER(C103), UPPER(C103)), C103 ) -> TRIVANDRUM | R103: =IF(RAND()<0.15, J103 & " visits", J103 ) -> 12 | S103: =IF(RAND()<0.1, TEXT(H103,"0"), H103 ) -> 3500 | T103: =RANDBETWEEN(DATE(2023,1,1), DATE(2026,1,31)) -> 45945 | U103: =IF(AND(M103="Cancelled", RAND()<0.5), F103 + RANDBETWEEN(10,50), N103 ) -> 45289
A104: ="MEM" & TEXT(ROW()-1,"0000") -> MEM0103 | B104: =INDEX('Name pool'!A:A, RANDBETWEEN(2, COUNTA('Name pool'!A:A))) & " " & INDEX('Name pool'!B:B, RANDBETWEEN(2, COUNTA('Name pool'!B:B))) -> Karthik Malhotra | C104: Mumbai | D104: =CHOOSE(RANDBETWEEN(1,7),"BR01","BR02","BR03","BR04","BR05","BR06","BR07") -> BR01 | E104: =CHOOSE(RANDBETWEEN(1,3),"Basic","Standard","Premium") -> Premium | F104: 45778 | G104: 46143 | H104: 1000 | I104: =H104 * RANDBETWEEN(1,12) -> 11000 | J104: 25 | K104: =CHOOSE(RANDBETWEEN(1,2),"Yes","No") -> No | L104: =CHOOSE(RANDBETWEEN(1,3),"Weight Loss","Muscle Gain","General Fitness") -> Muscle Gain | M104: =IF(J104<5,IF(RANDBETWEEN(1,100)<70,"Cancelled","Active"),"Active") -> Active | N104: 45958 | Q104: =IF(RAND()<0.2, IF(RAND()<0.5, LOWER(C104), UPPER(C104)), C104 ) -> Mumbai | R104: =IF(RAND()<0.15, J104 & " visits", J104 ) -> 25 | S104: =IF(RAND()<0.1, TEXT(H104,"0"), H104 ) -> 1000 | T104: =RANDBETWEEN(DATE(2023,1,1), DATE(2026,1,31)) -> 45236 | U104: =IF(AND(M104="Cancelled", RAND()<0.5), F104 + RANDBETWEEN(10,50), N104 ) -> 45958
A105: ="MEM" & TEXT(ROW()-1,"0000") -> MEM0104 | B105: =INDEX('Name pool'!A:A, RANDBETWEEN(2, COUNTA('Name pool'!A:A))) & " " & INDEX('Name pool'!B:B, RANDBETWEEN(2, COUNTA('Name pool'!B:B))) -> Fatima Varghese | C105: Kochi | D105: =CHOOSE(RANDBETWEEN(1,7),"BR01","BR02","BR03","BR04","BR05","BR06","BR07") -> BR02 | E105: =CHOOSE(RANDBETWEEN(1,3),"Basic","Standard","Premium") -> Basic | F105: 45459 | G105: 45824 | H105: 3500 | I105: =H105 * RANDBETWEEN(1,12) -> 35000 | J105: 13 | K105: =CHOOSE(RANDBETWEEN(1,2),"Yes","No") -> No | L105: =CHOOSE(RANDBETWEEN(1,3),"Weight Loss","Muscle Gain","General Fitness") -> General Fitness | M105: =IF(J105<5,IF(RANDBETWEEN(1,100)<70,"Cancelled","Active"),"Active") -> Active | N105: 45849 | Q105: =IF(RAND()<0.2, IF(RAND()<0.5, LOWER(C105), UPPER(C105)), C105 ) -> kochi | R105: =IF(RAND()<0.15, J105 & " visits", J105 ) -> 13 visits | S105: =IF(RAND()<0.1, TEXT(H105,"0"), H105 ) -> 3500 | T105: =RANDBETWEEN(DATE(2023,1,1), DATE(2026,1,31)) -> 46012 | U105: =IF(AND(M105="Cancelled", RAND()<0.5), F105 + RANDBETWEEN(10,50), N105 ) -> 45849
...

Sheet Cleaned_Data
A1: Member ID | B1: Member Name | C1: City | D1: Branch ID | E1: Membership Type | F1: Join Date | G1: Expiry Date | H1: Monthly Fee | I1: Total Payments | J1: Attendance | K1: Trainer Assigned | L1: Workout Goal | M1: Status | N1: Last Visit Date | P1: Duplicate_Flag | Q1: Data issue flag | R1: Last_Visit_Status
A2: =TRIM(CLEAN(Raw_Data!A2)) -> MEM0001 | B2: =TRIM(Raw_Data!B2) -> Karthik Joshi | C2: =_xlfn.XLOOKUP(D2, Branch_Master!A:A, Branch_Master!B:B) -> Calicut | D2: =TRIM(Raw_Data!D2) -> BR07 | E2: =PROPER(TRIM(Raw_Data!E2)) -> Premium | F2: =IFERROR(DATEVALUE(Raw_Data!F2), Raw_Data!F2) -> 45630 | G2: =IFERROR( IF( IFERROR(DATEVALUE(Raw_Data!G2), Raw_Data!G2) < IFERROR(DATEVALUE(Raw_Data!F2), Raw_Data!F2), IFERROR(DATEVALUE(Raw_Data!F2), Raw_Data!F2) + 30, IFERROR(DATEVALUE(Raw_Data!G2), Raw_Data!G2) ), "" ) -> 45660 | H2: =IFERROR(VALUE(Raw_Data!H2), "") -> 1000 | I2: =IFERROR(VALUE(Raw_Data!I2), "") -> 8000 | J2: =IFERROR( VALUE(SUBSTITUTE(Raw_Data!J2," visits","")), "" ) -> 18 | K2: =IF(TRIM(Raw_Data!K2)="","No",PROPER(TRIM(Raw_Data!K2))) -> No | L2: =PROPER(TRIM(Raw_Data!L2)) -> Weight Loss | M2: Active | N2: =IFERROR(DATEVALUE(Raw_Data!N2), Raw_Data!N2) -> 46022 | P2: =IF(COUNTIF($A$2:A2,A2)>1,"Duplicate","Unique") -> Unique | Q2: =IF(G2<F2,"Expiry Error", IF(AND(M2="Cancelled",N2<>""),"Cancelled but Active", IF(J2>30,"Invalid Attendance","OK"))) -> OK | R2: =IF(N2="","Missing","Available") -> Available
A3: =TRIM(CLEAN(Raw_Data!A3)) -> MEM0002 | B3: =TRIM(Raw_Data!B3) -> Meera George | C3: =_xlfn.XLOOKUP(D3, Branch_Master!A:A, Branch_Master!B:B) -> Kochi | D3: =TRIM(Raw_Data!D3) -> BR01 | E3: =PROPER(TRIM(Raw_Data!E3)) -> Basic | F3: =IFERROR(DATEVALUE(Raw_Data!F3), Raw_Data!F3) -> 45446 | G3: =IFERROR( IF( IFERROR(DATEVALUE(Raw_Data!G3), Raw_Data!G3) < IFERROR(DATEVALUE(Raw_Data!F3), Raw_Data!F3), IFERROR(DATEVALUE(Raw_Data!F3), Raw_Data!F3) + 30, IFERROR(DATEVALUE(Raw_Data!G3), Raw_Data!G3) ), "" ) -> 45536 | H3: =IFERROR(VALUE(Raw_Data!H3), "") -> 3500 | I3: =IFERROR(VALUE(Raw_Data!I3), "") -> 17500 | J3: =IFERROR( VALUE(SUBSTITUTE(Raw_Data!J3," visits","")), "" ) -> 0 | K3: =IF(TRIM(Raw_Data!K3)="","No",PROPER(TRIM(Raw_Data!K3))) -> No | L3: =PROPER(TRIM(Raw_Data!L3)) -> Muscle Gain | M3: Cancelled | N3: =IFERROR(DATEVALUE(Raw_Data!N3), Raw_Data!N3) -> 46050 | P3: =IF(COUNTIF($A$2:A3,A3)>1,"Duplicate","Unique") -> Unique | Q3: =IF(G3<F3,"Expiry Error", IF(AND(M3="Cancelled",N3<>""),"Cancelled but Active", IF(J3>30,"Invalid Attendance","OK"))) -> Cancelled but Active | R3: =IF(N3="","Missing","Available") -> Available
A4: =TRIM(CLEAN(Raw_Data!A4)) -> MEM0003 | B4: =TRIM(Raw_Data!B4) -> Fatima Das | C4: =_xlfn.XLOOKUP(D4, Branch_Master!A:A, Branch_Master!B:B) -> Mumbai | D4: =TRIM(Raw_Data!D4) -> BR05 | E4: =PROPER(TRIM(Raw_Data!E4)) -> Premium | F4: =IFERROR(DATEVALUE(Raw_Data!F4), Raw_Data!F4) -> 44945 | G4: =IFERROR( IF( IFERROR(DATEVALUE(Raw_Data!G4), Raw_Data!G4) < IFERROR(DATEVALUE(Raw_Data!F4), Raw_Data!F4), IFERROR(DATEVALUE(Raw_Data!F4), Raw_Data!F4) + 30, IFERROR(DATEVALUE(Raw_Data!G4), Raw_Data!G4) ), "" ) -> 45035 | H4: =IFERROR(VALUE(Raw_Data!H4), "") -> 3500 | I4: =IFERROR(VALUE(Raw_Data!I4), "") -> 42000 | J4: =IFERROR( VALUE(SUBSTITUTE(Raw_Data!J4," visits","")), "" ) -> 1 | K4: =IF(TRIM(Raw_Data!K4)="","No",PROPER(TRIM(Raw_Data!K4))) -> No | L4: =PROPER(TRIM(Raw_Data!L4)) -> Weight Loss | M4: Cancelled | N4: =IFERROR(DATEVALUE(Raw_Data!N4), Raw_Data!N4) -> 45257 | P4: =IF(COUNTIF($A$2:A4,A4)>1,"Duplicate","Unique") -> Unique | Q4: =IF(G4<F4,"Expiry Error", IF(AND(M4="Cancelled",N4<>""),"Cancelled but Active", IF(J4>30,"Invalid Attendance","OK"))) -> Cancelled but Active | R4: =IF(N4="","Missing","Available") -> Available
A5: =TRIM(CLEAN(Raw_Data!A5)) -> MEM0004 | B5: =TRIM(Raw_Data!B5) -> Priya D’Souza | C5: =_xlfn.XLOOKUP(D5, Branch_Master!A:A, Branch_Master!B:B) -> Hyderabad | D5: =TRIM(Raw_Data!D5) -> BR04 | E5: =PROPER(TRIM(Raw_Data!E5)) -> Premium | F5: =IFERROR(DATEVALUE(Raw_Data!F5), Raw_Data!F5) -> 45342 | G5: =IFERROR( IF( IFERROR(DATEVALUE(Raw_Data!G5), Raw_Data!G5) < IFERROR(DATEVALUE(Raw_Data!F5), Raw_Data!F5), IFERROR(DATEVALUE(Raw_Data!F5), Raw_Data!F5) + 30, IFERROR(DATEVALUE(Raw_Data!G5), Raw_Data!G5) ), "" ) -> 45432 | H5: =IFERROR(VALUE(Raw_Data!H5), "") -> 3500 | I5: =IFERROR(VALUE(Raw_Data!I5), "") -> 14000 | J5: =IFERROR( VALUE(SUBSTITUTE(Raw_Data!J5," visits","")), "" ) -> 13 | K5: =IF(TRIM(Raw_Data!K5)="","No",PROPER(TRIM(Raw_Data!K5))) -> Yes | L5: =PROPER(TRIM(Raw_Data!L5)) -> Weight Loss | M5: Active | N5: =IFERROR(DATEVALUE(Raw_Data!N5), Raw_Data!N5) -> 45937 | P5: =IF(COUNTIF($A$2:A5,A5)>1,"Duplicate","Unique") -> Unique | Q5: =IF(G5<F5,"Expiry Error", IF(AND(M5="Cancelled",N5<>""),"Cancelled but Active", IF(J5>30,"Invalid Attendance","OK"))) -> OK | R5: =IF(N5="","Missing","Available") -> Available
A6: =TRIM(CLEAN(Raw_Data!A6)) -> MEM0005 | B6: =TRIM(Raw_Data!B6) -> Sanjay Patel | C6: =_xlfn.XLOOKUP(D6, Branch_Master!A:A, Branch_Master!B:B) -> Hyderabad | D6: =TRIM(Raw_Data!D6) -> BR04 | E6: =PROPER(TRIM(Raw_Data!E6)) -> Standard | F6: =IFERROR(DATEVALUE(Raw_Data!F6), Raw_Data!F6) -> 45891 | G6: =IFERROR( IF( IFERROR(DATEVALUE(Raw_Data!G6), Raw_Data!G6) < IFERROR(DATEVALUE(Raw_Data!F6), Raw_Data!F6), IFERROR(DATEVALUE(Raw_Data!F6), Raw_Data!F6) + 30, IFERROR(DATEVALUE(Raw_Data!G6), Raw_Data!G6) ), "" ) -> 46256 | H6: =IFERROR(VALUE(Raw_Data!H6), "") -> 1000 | I6: =IFERROR(VALUE(Raw_Data!I6), "") -> 6000 | J6: =IFERROR( VALUE(SUBSTITUTE(Raw_Data!J6," visits","")), "" ) -> 20 | K6: =IF(TRIM(Raw_Data!K6)="","No",PROPER(TRIM(Raw_Data!K6))) -> No | L6: =PROPER(TRIM(Raw_Data!L6)) -> Weight Loss | M6: Active | N6: =IFERROR(DATEVALUE(Raw_Data!N6), Raw_Data!N6) -> 45960 | P6: =IF(COUNTIF($A$2:A6,A6)>1,"Duplicate","Unique") -> Unique | Q6: =IF(G6<F6,"Expiry Error", IF(AND(M6="Cancelled",N6<>""),"Cancelled but Active", IF(J6>30,"Invalid Attendance","OK"))) -> OK | R6: =IF(N6="","Missing","Available") -> Available
A7: =TRIM(CLEAN(Raw_Data!A7)) -> MEM0006 | B7: =TRIM(Raw_Data!B7) -> Varun Yadav | C7: =_xlfn.XLOOKUP(D7, Branch_Master!A:A, Branch_Master!B:B) -> Chennai | D7: =TRIM(Raw_Data!D7) -> BR03 | E7: =PROPER(TRIM(Raw_Data!E7)) -> Standard | F7: =IFERROR(DATEVALUE(Raw_Data!F7), Raw_Data!F7) -> 45669 | G7: =IFERROR( IF( IFERROR(DATEVALUE(Raw_Data!G7), Raw_Data!G7) < IFERROR(DATEVALUE(Raw_Data!F7), Raw_Data!F7), IFERROR(DATEVALUE(Raw_Data!F7), Raw_Data!F7) + 30, IFERROR(DATEVALUE(Raw_Data!G7), Raw_Data!G7) ), "" ) -> 46034 | H7: =IFERROR(VALUE(Raw_Data!H7), "") -> 3500 | I7: =IFERROR(VALUE(Raw_Data!I7), "") -> 31500 | J7: =IFERROR( VALUE(SUBSTITUTE(Raw_Data!J7," visits","")), "" ) -> 1 | K7: =IF(TRIM(Raw_Data!K7)="","No",PROPER(TRIM(Raw_Data!K7))) -> No | L7: =PROPER(TRIM(Raw_Data!L7)) -> Weight Loss | M7: Cancelled | N7: =IFERROR(DATEVALUE(Raw_Data!N7), Raw_Data!N7) -> 46011 | P7: =IF(COUNTIF($A$2:A7,A7)>1,"Duplicate","Unique") -> Unique | Q7: =IF(G7<F7,"Expiry Error", IF(AND(M7="Cancelled",N7<>""),"Cancelled but Active", IF(J7>30,"Invalid Attendance","OK"))) -> Cancelled but Active | R7: =IF(N7="","Missing","Available") -> Available
A8: =TRIM(CLEAN(Raw_Data!A8)) -> MEM0007 | B8: =TRIM(Raw_Data!B8) -> Zara Joshi | C8: =_xlfn.XLOOKUP(D8, Branch_Master!A:A, Branch_Master!B:B) -> Kochi | D8: =TRIM(Raw_Data!D8) -> BR01 | E8: =PROPER(TRIM(Raw_Data!E8)) -> Standard | F8: =IFERROR(DATEVALUE(Raw_Data!F8), Raw_Data!F8) -> 45116 | G8: =IFERROR( IF( IFERROR(DATEVALUE(Raw_Data!G8), Raw_Data!G8) < IFERROR(DATEVALUE(Raw_Data!F8), Raw_Data!F8), IFERROR(DATEVALUE(Raw_Data!F8), Raw_Data!F8) + 30, IFERROR(DATEVALUE(Raw_Data!G8), Raw_Data!G8) ), "" ) -> 45146 | H8: =IFERROR(VALUE(Raw_Data!H8), "") -> 3500 | I8: =IFERROR(VALUE(Raw_Data!I8), "") -> 17500 | J8: =IFERROR( VALUE(SUBSTITUTE(Raw_Data!J8," visits","")), "" ) -> 7 | K8: =IF(TRIM(Raw_Data!K8)="","No",PROPER(TRIM(Raw_Data!K8))) -> No | L8: =PROPER(TRIM(Raw_Data!L8)) -> Weight Loss | M8: Active | N8: =IFERROR(DATEVALUE(Raw_Data!N8), Raw_Data!N8) -> 45649 | P8: =IF(COUNTIF($A$2:A8,A8)>1,"Duplicate","Unique") -> Unique | Q8: =IF(G8<F8,"Expiry Error", IF(AND(M8="Cancelled",N8<>""),"Cancelled but Active", IF(J8>30,"Invalid Attendance","OK"))) -> OK | R8: =IF(N8="","Missing","Available") -> Available
A9: =TRIM(CLEAN(Raw_Data!A9)) -> MEM0008 | B9: =TRIM(Raw_Data!B9) -> Aditya Khan | C9: =_xlfn.XLOOKUP(D9, Branch_Master!A:A, Branch_Master!B:B) -> Kochi | D9: =TRIM(Raw_Data!D9) -> BR01 | E9: =PROPER(TRIM(Raw_Data!E9)) -> Standard | F9: =IFERROR(DATEVALUE(Raw_Data!F9), Raw_Data!F9) -> 45986 | G9: =IFERROR( IF( IFERROR(DATEVALUE(Raw_Data!G9), Raw_Data!G9) < IFERROR(DATEVALUE(Raw_Data!F9), Raw_Data!F9), IFERROR(DATEVALUE(Raw_Data!F9), Raw_Data!F9) + 30, IFERROR(DATEVALUE(Raw_Data!G9), Raw_Data!G9) ), "" ) -> 46076 | H9: =IFERROR(VALUE(Raw_Data!H9), "") -> 1000 | I9: =IFERROR(VALUE(Raw_Data!I9), "") -> 3000 | J9: =IFERROR( VALUE(SUBSTITUTE(Raw_Data!J9," visits","")), "" ) -> 8 | K9: =IF(TRIM(Raw_Data!K9)="","No",PROPER(TRIM(Raw_Data!K9))) -> No | L9: =PROPER(TRIM(Raw_Data!L9)) -> Muscle Gain | M9: Active | N9: =IFERROR(DATEVALUE(Raw_Data!N9), Raw_Data!N9) -> 46071 | P9: =IF(COUNTIF($A$2:A9,A9)>1,"Duplicate","Unique") -> Unique | Q9: =IF(G9<F9,"Expiry Error", IF(AND(M9="Cancelled",N9<>""),"Cancelled but Active", IF(J9>30,"Invalid Attendance","OK"))) -> OK | R9: =IF(N9="","Missing","Available") -> Available
A10: =TRIM(CLEAN(Raw_Data!A10)) -> MEM0009 | B10: =TRIM(Raw_Data!B10) -> Lakshmi Shetty | C10: =_xlfn.XLOOKUP(D10, Branch_Master!A:A, Branch_Master!B:B) -> Trivandrum | D10: =TRIM(Raw_Data!D10) -> BR06 | E10: =PROPER(TRIM(Raw_Data!E10)) -> Premium | F10: =IFERROR(DATEVALUE(Raw_Data!F10), Raw_Data!F10) -> 45552 | G10: =IFERROR( IF( IFERROR(DATEVALUE(Raw_Data!G10), Raw_Data!G10) < IFERROR(DATEVALUE(Raw_Data!F10), Raw_Data!F10), IFERROR(DATEVALUE(Raw_Data!F10), Raw_Data!F10) + 30, IFERROR(DATEVALUE(Raw_Data!G10), Raw_Data!G10) ), "" ) -> 45582 | H10: =IFERROR(VALUE(Raw_Data!H10), "") -> 2000 | I10: =IFERROR(VALUE(Raw_Data!I10), "") -> 4000 | J10: =IFERROR( VALUE(SUBSTITUTE(Raw_Data!J10," visits","")), "" ) -> 14 | K10: =IF(TRIM(Raw_Data!K10)="","No",PROPER(TRIM(Raw_Data!K10))) -> Yes | L10: =PROPER(TRIM(Raw_Data!L10)) -> General Fitness | M10: Active | N10: =IFERROR(DATEVALUE(Raw_Data!N10), Raw_Data!N10) -> 45846 | P10: =IF(COUNTIF($A$2:A10,A10)>1,"Duplicate","Unique") -> Unique | Q10: =IF(G10<F10,"Expiry Error", IF(AND(M10="Cancelled",N10<>""),"Cancelled but Active", IF(J10>30,"Invalid Attendance","OK"))) -> OK | R10: =IF(N10="","Missing","Available") -> Available
A11: =TRIM(CLEAN(Raw_Data!A11)) -> MEM0010 | B11: =TRIM(Raw_Data!B11) -> Pooja Iyer | C11: =_xlfn.XLOOKUP(D11, Branch_Master!A:A, Branch_Master!B:B) -> Chennai | D11: =TRIM(Raw_Data!D11) -> BR03 | E11: =PROPER(TRIM(Raw_Data!E11)) -> Basic | F11: =IFERROR(DATEVALUE(Raw_Data!F11), Raw_Data!F11) -> 45390 | G11: =IFERROR( IF( IFERROR(DATEVALUE(Raw_Data!G11), Raw_Data!G11) < IFERROR(DATEVALUE(Raw_Data!F11), Raw_Data!F11), IFERROR(DATEVALUE(Raw_Data!F11), Raw_Data!F11) + 30, IFERROR(DATEVALUE(Raw_Data!G11), Raw_Data!G11) ), "" ) -> 45420 | H11: =IFERROR(VALUE(Raw_Data!H11), "") -> 3500 | I11: =IFERROR(VALUE(Raw_Data!I11), "") -> 24500 | J11: =IFERROR( VALUE(SUBSTITUTE(Raw_Data!J11," visits","")), "" ) -> 15 | K11: =IF(TRIM(Raw_Data!K11)="","No",PROPER(TRIM(Raw_Data!K11))) -> Yes | L11: =PROPER(TRIM(Raw_Data!L11)) -> Muscle Gain | M11: Active | N11: =IFERROR(DATEVALUE(Raw_Data!N11), Raw_Data!N11) -> 45926 | P11: =IF(COUNTIF($A$2:A11,A11)>1,"Duplicate","Unique") -> Unique | Q11: =IF(G11<F11,"Expiry Error", IF(AND(M11="Cancelled",N11<>""),"Cancelled but Active", IF(J11>30,"Invalid Attendance","OK"))) -> OK | R11: =IF(N11="","Missing","Available") -> Available
A12: =TRIM(CLEAN(Raw_Data!A12)) -> MEM0011 | B12: =TRIM(Raw_Data!B12) -> Siddharth Shaikh | C12: =_xlfn.XLOOKUP(D12, Branch_Master!A:A, Branch_Master!B:B) -> Kochi | D12: =TRIM(Raw_Data!D12) -> BR01 | E12: =PROPER(TRIM(Raw_Data!E12)) -> Standard | F12: =IFERROR(DATEVALUE(Raw_Data!F12), Raw_Data!F12) -> 45093 | G12: =IFERROR( IF( IFERROR(DATEVALUE(Raw_Data!G12), Raw_Data!G12) < IFERROR(DATEVALUE(Raw_Data!F12), Raw_Data!F12), IFERROR(DATEVALUE(Raw_Data!F12), Raw_Data!F12) + 30, IFERROR(DATEVALUE(Raw_Data!G12), Raw_Data!G12) ), "" ) -> 45458 | H12: =IFERROR(VALUE(Raw_Data!H12), "") -> 2000 | I12: =IFERROR(VALUE(Raw_Data!I12), "") -> 2000 | J12: =IFERROR( VALUE(SUBSTITUTE(Raw_Data!J12," visits","")), "" ) -> 23 | K12: =IF(TRIM(Raw_Data!K12)="","No",PROPER(TRIM(Raw_Data!K12))) -> Yes | L12: =PROPER(TRIM(Raw_Data!L12)) -> General Fitness | M12: Active | N12: =IFERROR(DATEVALUE(Raw_Data!N12), Raw_Data!N12) -> 45535 | P12: =IF(COUNTIF($A$2:A12,A12)>1,"Duplicate","Unique") -> Unique | Q12: =IF(G12<F12,"Expiry Error", IF(AND(M12="Cancelled",N12<>""),"Cancelled but Active", IF(J12>30,"Invalid Attendance","OK"))) -> OK | R12: =IF(N12="","Missing","Available") -> Available
A13: =TRIM(CLEAN(Raw_Data!A13)) -> MEM0012 | B13: =TRIM(Raw_Data!B13) -> Ishita Nambiar | C13: =_xlfn.XLOOKUP(D13, Branch_Master!A:A, Branch_Master!B:B) -> Trivandrum | D13: =TRIM(Raw_Data!D13) -> BR06 | E13: =PROPER(TRIM(Raw_Data!E13)) -> Basic | F13: =IFERROR(DATEVALUE(Raw_Data!F13), Raw_Data!F13) -> 45363 | G13: =IFERROR( IF( IFERROR(DATEVALUE(Raw_Data!G13), Raw_Data!G13) < IFERROR(DATEVALUE(Raw_Data!F13), Raw_Data!F13), IFERROR(DATEVALUE(Raw_Data!F13), Raw_Data!F13) + 30, IFERROR(DATEVALUE(Raw_Data!G13), Raw_Data!G13) ), "" ) -> 45728 | H13: =IFERROR(VALUE(Raw_Data!H13), "") -> 2000 | I13: =IFERROR(VALUE(Raw_Data!I13), "") -> 24000 | J13: =IFERROR( VALUE(SUBSTITUTE(Raw_Data!J13," visits","")), "" ) -> 14 | K13: =IF(TRIM(Raw_Data!K13)="","No",PROPER(TRIM(Raw_Data!K13))) -> Yes | L13: =PROPER(TRIM(Raw_Data!L13)) -> Weight Loss | M13: Active | N13: =IFERROR(DATEVALUE(Raw_Data!N13), Raw_Data!N13) -> 46031 | P13: =IF(COUNTIF($A$2:A13,A13)>1,"Duplicate","Unique") -> Unique | Q13: =IF(G13<F13,"Expiry Error", IF(AND(M13="Cancelled",N13<>""),"Cancelled but Active", IF(J13>30,"Invalid Attendance","OK"))) -> OK | R13: =IF(N13="","Missing","Available") -> Available
... A801: =TRIM(CLEAN(Raw_Data!A801)) -> MEM0800 | B801: =TRIM(Raw_Data!B801) -> Ayesha Agarwal | C801: =_xlfn.XLOOKUP(D801, Branch_Master!A:A, Branch_Master!B:B) -> Kochi | D801: =TRIM(Raw_Data!D801) -> BR01 | E801: =PROPER(TRIM(Raw_Data!E801)) -> Standard | F801: =IFERROR(DATEVALUE(Raw_Data!F801), Raw_Data!F801) -> 45975 | G801: =IFERROR( IF( IFERROR(DATEVALUE(Raw_Data!G801), Raw_Data!G801) < IFERROR(DATEVALUE(Raw_Data!F801), Raw_Data!F801), IFERROR(DATEVALUE(Raw_Data!F801), Raw_Data!F801) + 30, IFERROR(DATEVALUE(Raw_Data!G801), Raw_Data!G801) ), "" ) -> 46065 | H801: =IFERROR(VALUE(Raw_Data!H801), "") -> 3500 | I801: =IFERROR(VALUE(Raw_Data!I801), "") -> 35000 | J801: =IFERROR( VALUE(SUBSTITUTE(Raw_Data!J801," visits","")), "" ) -> 4 | K801: =IF(TRIM(Raw_Data!K801)="","No",PROPER(TRIM(Raw_Data!K801))) -> No | L801: =PROPER(TRIM(Raw_Data!L801)) -> Muscle Gain | M801: Cancelled | N801: =IFERROR(DATEVALUE(Raw_Data!N801), Raw_Data!N801) -> 46096 | P801: =IF(COUNTIF($A$2:A801,A801)>1,"Duplicate","Unique") -> Unique | Q801: =IF(G801<F801,"Expiry Error", IF(AND(M801="Cancelled",N801<>""),"Cancelled but Active", IF(J801>30,"Invalid Attendance","OK"))) -> Cancelled but Active | R801: =IF(N801="","Missing","Available") -> Available
A802: =TRIM(CLEAN(Raw_Data!A802)) -> MEM0801 | B802: =TRIM(CLEAN(Raw_Data!B802)) -> Sanjay Lewis | C802: =_xlfn.XLOOKUP(D802, Branch_Master!A:A, Branch_Master!B:B) -> Hyderabad | D802: =TRIM(CLEAN(Raw_Data!D802)) -> BR04 | E802: =PROPER(TRIM(Raw_Data!E802)) -> Premium | F802: =IFERROR(DATEVALUE(Raw_Data!F802), Raw_Data!F802) -> 45630 | G802: =IFERROR( IF( IFERROR(DATEVALUE(Raw_Data!G802), Raw_Data!G802) < IFERROR(DATEVALUE(Raw_Data!F802), Raw_Data!F802), IFERROR(DATEVALUE(Raw_Data!F802), Raw_Data!F802) + 30, IFERROR(DATEVALUE(Raw_Data!G802), Raw_Data!G802) ), "" ) -> 45995 | H802: =IFERROR(VALUE(Raw_Data!H802), "") -> 1000 | I802: =IFERROR(VALUE(Raw_Data!I802), "") -> 5000 | J802: =IFERROR( VALUE(SUBSTITUTE(Raw_Data!J802," visits","")), "" ) | K802: =TRIM(CLEAN(Raw_Data!K802)) -> Yes | L802: =TRIM(CLEAN(Raw_Data!L802)) -> General Fitness | M802: =TRIM(CLEAN(Raw_Data!M802)) -> Cancelled | N802: =TRIM(CLEAN(Raw_Data!N802)) -> 46022 | P802: =IF(COUNTIF($A$2:A802,A802)>1,"Duplicate","Unique") -> Unique | Q802: =IF(G802<F802,"Expiry Error", IF(AND(M802="Cancelled",N802<>""),"Cancelled but Active", IF(J802>30,"Invalid Attendance","OK"))) -> Cancelled but Active | R802: =IF(N802="","Missing","Available") -> Available
A803: =TRIM(CLEAN(Raw_Data!A803)) -> MEM0802 | B803: =TRIM(CLEAN(Raw_Data!B803)) -> Lakshmi Iyer | C803: =_xlfn.XLOOKUP(D803, Branch_Master!A:A, Branch_Master!B:B) -> Chennai | D803: =TRIM(CLEAN(Raw_Data!D803)) -> BR03 | E803: =PROPER(TRIM(Raw_Data!E803)) -> Standard | F803: =IFERROR(DATEVALUE(Raw_Data!F803), Raw_Data!F803) -> 45794 | G803: =IFERROR( IF( IFERROR(DATEVALUE(Raw_Data!G803), Raw_Data!G803) < IFERROR(DATEVALUE(Raw_Data!F803), Raw_Data!F803), IFERROR(DATEVALUE(Raw_Data!F803), Raw_Data!F803) + 30, IFERROR(DATEVALUE(Raw_Data!G803), Raw_Data!G803) ), "" ) -> 45824 | H803: =IFERROR(VALUE(Raw_Data!H803), "") -> 3500 | I803: =IFERROR(VALUE(Raw_Data!I803), "") -> 38500 | J803: =IFERROR( VALUE(SUBSTITUTE(Raw_Data!J803," visits","")), "" ) | K803: =TRIM(CLEAN(Raw_Data!K803)) -> No | L803: =TRIM(CLEAN(Raw_Data!L803)) -> Muscle Gain | M803: =TRIM(CLEAN(Raw_Data!M803)) -> Cancelled | N803: =TRIM(CLEAN(Raw_Data!N803)) -> 46050 | P803: =IF(COUNTIF($A$2:A803,A803)>1,"Duplicate","Unique") -> Unique | Q803: =IF(G803<F803,"Expiry Error", IF(AND(M803="Cancelled",N803<>""),"Cancelled but Active", IF(J803>30,"Invalid Attendance","OK"))) -> Cancelled but Active | R803: =IF(N803="","Missing","Available") -> Available
A804: =TRIM(CLEAN(Raw_Data!A804)) -> MEM0803 | B804: =TRIM(CLEAN(Raw_Data!B804)) -> Siddharth Pillai | C804: =_xlfn.XLOOKUP(D804, Branch_Master!A:A, Branch_Master!B:B) -> Bangalore | D804: =TRIM(CLEAN(Raw_Data!D804)) -> BR02 | E804: =PROPER(TRIM(Raw_Data!E804)) -> Premium | F804: =IFERROR(DATEVALUE(Raw_Data!F804), Raw_Data!F804) -> 45919 | G804: =IFERROR( IF( IFERROR(DATEVALUE(Raw_Data!G804), Raw_Data!G804) < IFERROR(DATEVALUE(Raw_Data!F804), Raw_Data!F804), IFERROR(DATEVALUE(Raw_Data!F804), Raw_Data!F804) + 30, IFERROR(DATEVALUE(Raw_Data!G804), Raw_Data!G804) ), "" ) -> 45949 | H804: =IFERROR(VALUE(Raw_Data!H804), "") -> 3500 | I804: =IFERROR(VALUE(Raw_Data!I804), "") -> 28000 | J804: =IFERROR( VALUE(SUBSTITUTE(Raw_Data!J804," visits","")), "" ) | K804: =TRIM(CLEAN(Raw_Data!K804)) -> No | L804: =TRIM(CLEAN(Raw_Data!L804)) -> General Fitness | M804: =TRIM(CLEAN(Raw_Data!M804)) -> Cancelled | N804: =TRIM(CLEAN(Raw_Data!N804)) -> 45257 | P804: =IF(COUNTIF($A$2:A804,A804)>1,"Duplicate","Unique") -> Unique | Q804: =IF(G804<F804,"Expiry Error", IF(AND(M804="Cancelled",N804<>""),"Cancelled but Active", IF(J804>30,"Invalid Attendance","OK"))) -> Cancelled but Active | R804: =IF(N804="","Missing","Available") -> Available
A805: =TRIM(CLEAN(Raw_Data!A805)) -> MEM0804 | B805: =TRIM(CLEAN(Raw_Data!B805)) -> Pooja Desai | C805: =_xlfn.XLOOKUP(D805, Branch_Master!A:A, Branch_Master!B:B) -> Trivandrum | D805: =TRIM(CLEAN(Raw_Data!D805)) -> BR06 | E805: =PROPER(TRIM(Raw_Data!E805)) -> Premium | F805: =IFERROR(DATEVALUE(Raw_Data!F805), Raw_Data!F805) -> 45439 | G805: =IFERROR( IF( IFERROR(DATEVALUE(Raw_Data!G805), Raw_Data!G805) < IFERROR(DATEVALUE(Raw_Data!F805), Raw_Data!F805), IFERROR(DATEVALUE(Raw_Data!F805), Raw_Data!F805) + 30, IFERROR(DATEVALUE(Raw_Data!G805), Raw_Data!G805) ), "" ) -> 45804 | H805: =IFERROR(VALUE(Raw_Data!H805), "") -> 3500 | I805: =IFERROR(VALUE(Raw_Data!I805), "") -> 10500 | J805: =IFERROR( VALUE(SUBSTITUTE(Raw_Data!J805," visits","")), "" ) | K805: =TRIM(CLEAN(Raw_Data!K805)) -> No | L805: =TRIM(CLEAN(Raw_Data!L805)) -> Muscle Gain | M805: =TRIM(CLEAN(Raw_Data!M805)) -> Active | N805: =TRIM(CLEAN(Raw_Data!N805)) -> 45937 | P805: =IF(COUNTIF($A$2:A805,A805)>1,"Duplicate","Unique") -> Unique | Q805: =IF(G805<F805,"Expiry Error", IF(AND(M805="Cancelled",N805<>""),"Cancelled but Active", IF(J805>30,"Invalid Attendance","OK"))) -> Invalid Attendance | R805: =IF(N805="","Missing","Available") -> Available
A806: =TRIM(CLEAN(Raw_Data!A806)) -> MEM0805 | B806: =TRIM(CLEAN(Raw_Data!B806)) -> Harish Joshi | C806: =_xlfn.XLOOKUP(D806, Branch_Master!A:A, Branch_Master!B:B) -> Trivandrum | D806: =TRIM(CLEAN(Raw_Data!D806)) -> BR06 | E806: =PROPER(TRIM(Raw_Data!E806)) -> Premium | F806: =IFERROR(DATEVALUE(Raw_Data!F806), Raw_Data!F806) -> 45635 | G806: =IFERROR( IF( IFERROR(DATEVALUE(Raw_Data!G806), Raw_Data!G806) < IFERROR(DATEVALUE(Raw_Data!F806), Raw_Data!F806), IFERROR(DATEVALUE(Raw_Data!F806), Raw_Data!F806) + 30, IFERROR(DATEVALUE(Raw_Data!G806), Raw_Data!G806) ), "" ) -> 45725 | H806: =IFERROR(VALUE(Raw_Data!H806), "") -> 1000 | I806: =IFERROR(VALUE(Raw_Data!I806), "") -> 4000 | J806: =IFERROR( VALUE(SUBSTITUTE(Raw_Data!J806," visits","")), "" ) | K806: =TRIM(CLEAN(Raw_Data!K806)) -> Yes | L806: =TRIM(CLEAN(Raw_Data!L806)) -> General Fitness | M806: =TRIM(CLEAN(Raw_Data!M806)) -> Active | N806: =TRIM(CLEAN(Raw_Data!N806)) -> 45960 | P806: =IF(COUNTIF($A$2:A806,A806)>1,"Duplicate","Unique") -> Unique | Q806: =IF(G806<F806,"Expiry Error", IF(AND(M806="Cancelled",N806<>""),"Cancelled but Active", IF(J806>30,"Invalid Attendance","OK"))) -> Invalid Attendance | R806: =IF(N806="","Missing","Available") -> Available
A807: =TRIM(CLEAN(Raw_Data!A807)) -> MEM0806 | B807: =TRIM(CLEAN(Raw_Data!B807)) -> Zara Verma | C807: =_xlfn.XLOOKUP(D807, Branch_Master!A:A, Branch_Master!B:B) -> Trivandrum | D807: =TRIM(CLEAN(Raw_Data!D807)) -> BR06 | E807: =PROPER(TRIM(Raw_Data!E807)) -> Premium | F807: =IFERROR(DATEVALUE(Raw_Data!F807), Raw_Data!F807) -> 46018 | G807: =IFERROR( IF( IFERROR(DATEVALUE(Raw_Data!G807), Raw_Data!G807) < IFERROR(DATEVALUE(Raw_Data!F807), Raw_Data!F807), IFERROR(DATEVALUE(Raw_Data!F807), Raw_Data!F807) + 30, IFERROR(DATEVALUE(Raw_Data!G807), Raw_Data!G807) ), "" ) -> 46108 | H807: =IFERROR(VALUE(Raw_Data!H807), "") -> 3500 | I807: =IFERROR(VALUE(Raw_Data!I807), "") -> 17500 | J807: =IFERROR( VALUE(SUBSTITUTE(Raw_Data!J807," visits","")), "" ) | K807: =TRIM(CLEAN(Raw_Data!K807)) -> Yes | L807: =TRIM(CLEAN(Raw_Data!L807)) -> General Fitness | M807: =TRIM(CLEAN(Raw_Data!M807)) -> Cancelled | N807: =TRIM(CLEAN(Raw_Data!N807)) -> 46011 | P807: =IF(COUNTIF($A$2:A807,A807)>1,"Duplicate","Unique") -> Unique | Q807: =IF(G807<F807,"Expiry Error", IF(AND(M807="Cancelled",N807<>""),"Cancelled but Active", IF(J807>30,"Invalid Attendance","OK"))) -> Cancelled but Active | R807: =IF(N807="","Missing","Available") -> Available
A808: =TRIM(CLEAN(Raw_Data!A808)) -> MEM0807 | B808: =TRIM(CLEAN(Raw_Data!B808)) -> Akash Gupta | C808: =_xlfn.XLOOKUP(D808, Branch_Master!A:A, Branch_Master!B:B) -> Chennai | D808: =TRIM(CLEAN(Raw_Data!D808)) -> BR03 | E808: =PROPER(TRIM(Raw_Data!E808)) -> Standard | F808: =IFERROR(DATEVALUE(Raw_Data!F808), Raw_Data!F808) -> 45474 | G808: =IFERROR( IF( IFERROR(DATEVALUE(Raw_Data!G808), Raw_Data!G808) < IFERROR(DATEVALUE(Raw_Data!F808), Raw_Data!F808), IFERROR(DATEVALUE(Raw_Data!F808), Raw_Data!F808) + 30, IFERROR(DATEVALUE(Raw_Data!G808), Raw_Data!G808) ), "" ) -> 45504 | H808: =IFERROR(VALUE(Raw_Data!H808), "") -> 3500 | I808: =IFERROR(VALUE(Raw_Data!I808), "") -> 24500 | J808: =IFERROR( VALUE(SUBSTITUTE(Raw_Data!J808," visits","")), "" ) | K808: =TRIM(CLEAN(Raw_Data!K808)) -> Yes | L808: =TRIM(CLEAN(Raw_Data!L808)) -> Weight Loss | M808: =TRIM(CLEAN(Raw_Data!M808)) -> Active | N808: =TRIM(CLEAN(Raw_Data!N808)) -> 45649 | P808: =IF(COUNTIF($A$2:A808,A808)>1,"Duplicate","Unique") -> Unique | Q808: =IF(G808<F808,"Expiry Error", IF(AND(M808="Cancelled",N808<>""),"Cancelled but Active", IF(J808>30,"Invalid Attendance","OK"))) -> Invalid Attendance | R808: =IF(N808="","Missing","Available") -> Available
A809: =TRIM(CLEAN(Raw_Data!A809)) -> MEM0808 | B809: =TRIM(CLEAN(Raw_Data!B809)) -> Shreya Agarwal | C809: =_xlfn.XLOOKUP(D809, Branch_Master!A:A, Branch_Master!B:B) -> Hyderabad | D809: =TRIM(CLEAN(Raw_Data!D809)) -> BR04 | E809: =PROPER(TRIM(Raw_Data!E809)) -> Basic | F809: =IFERROR(DATEVALUE(Raw_Data!F809), Raw_Data!F809) -> 45948 | G809: =IFERROR( IF( IFERROR(DATEVALUE(Raw_Data!G809), Raw_Data!G809) < IFERROR(DATEVALUE(Raw_Data!F809), Raw_Data!F809), IFERROR(DATEVALUE(Raw_Data!F809), Raw_Data!F809) + 30, IFERROR(DATEVALUE(Raw_Data!G809), Raw_Data!G809) ), "" ) -> 46313 | H809: =IFERROR(VALUE(Raw_Data!H809), "") -> 1000 | I809: =IFERROR(VALUE(Raw_Data!I809), "") -> 8000 | J809: =IFERROR( VALUE(SUBSTITUTE(Raw_Data!J809," visits","")), "" ) | K809: =TRIM(CLEAN(Raw_Data!K809)) -> Yes | L809: =TRIM(CLEAN(Raw_Data!L809)) -> General Fitness | M809: =TRIM(CLEAN(Raw_Data!M809)) -> Active | N809: =TRIM(CLEAN(Raw_Data!N809)) -> 46071 | P809: =IF(COUNTIF($A$2:A809,A809)>1,"Duplicate","Unique") -> Unique | Q809: =IF(G809<F809,"Expiry Error", IF(AND(M809="Cancelled",N809<>""),"Cancelled but Active", IF(J809>30,"Invalid Attendance","OK"))) -> Invalid Attendance | R809: =IF(N809="","Missing","Available") -> Available
A810: =TRIM(CLEAN(Raw_Data!A810)) -> MEM0809 | B810: =TRIM(CLEAN(Raw_Data!B810)) -> Swathi Menon | C810: =_xlfn.XLOOKUP(D810, Branch_Master!A:A, Branch_Master!B:B) -> Hyderabad | D810: =TRIM(CLEAN(Raw_Data!D810)) -> BR04 | E810: =PROPER(TRIM(Raw_Data!E810)) -> Standard | F810: =IFERROR(DATEVALUE(Raw_Data!F810), Raw_Data!F810) -> 45098 | G810: =IFERROR( IF( IFERROR(DATEVALUE(Raw_Data!G810), Raw_Data!G810) < IFERROR(DATEVALUE(Raw_Data!F810), Raw_Data!F810), IFERROR(DATEVALUE(Raw_Data!F810), Raw_Data!F810) + 30, IFERROR(DATEVALUE(Raw_Data!G810), Raw_Data!G810) ), "" ) -> 45463 | H810: =IFERROR(VALUE(Raw_Data!H810), "") -> 2000 | I810: =IFERROR(VALUE(Raw_Data!I810), "") -> 4000 | J810: =IFERROR( VALUE(SUBSTITUTE(Raw_Data!J810," visits","")), "" ) | K810: =TRIM(CLEAN(Raw_Data!K810)) -> Yes | L810: =TRIM(CLEAN(Raw_Data!L810)) -> General Fitness | M810: =TRIM(CLEAN(Raw_Data!M810)) -> Active | N810: =TRIM(CLEAN(Raw_Data!N810)) -> 45846 | P810: =IF(COUNTIF($A$2:A810,A810)>1,"Duplicate","Unique") -> Unique | Q810: =IF(G810<F810,"Expiry Error", IF(AND(M810="Cancelled",N810<>""),"Cancelled but Active", IF(J810>30,"Invalid Attendance","OK"))) -> Invalid Attendance | R810: =IF(N810="","Missing","Available") -> Available
A811: =TRIM(CLEAN(Raw_Data!A811)) -> MEM0810 | B811: =TRIM(CLEAN(Raw_Data!B811)) -> Priya Bhat | C811: =_xlfn.XLOOKUP(D811, Branch_Master!A:A, Branch_Master!B:B) -> Mumbai | D811: =TRIM(CLEAN(Raw_Data!D811)) -> BR05 | E811: =PROPER(TRIM(Raw_Data!E811)) -> Basic | F811: =IFERROR(DATEVALUE(Raw_Data!F811), Raw_Data!F811) -> 45326 | G811: =IFERROR( IF( IFERROR(DATEVALUE(Raw_Data!G811), Raw_Data!G811) < IFERROR(DATEVALUE(Raw_Data!F811), Raw_Data!F811), IFERROR(DATEVALUE(Raw_Data!F811), Raw_Data!F811) + 30, IFERROR(DATEVALUE(Raw_Data!G811), Raw_Data!G811) ), "" ) -> 45416 | H811: =IFERROR(VALUE(Raw_Data!H811), "") -> 3500 | I811: =IFERROR(VALUE(Raw_Data!I811), "") -> 24500 | J811: =IFERROR( VALUE(SUBSTITUTE(Raw_Data!J811," visits","")), "" ) | K811: =TRIM(CLEAN(Raw_Data!K811)) -> Yes | L811: =TRIM(CLEAN(Raw_Data!L811)) -> Weight Loss | M811: =TRIM(CLEAN(Raw_Data!M811)) -> Active | N811: =TRIM(CLEAN(Raw_Data!N811)) -> 45926 | P811: =IF(COUNTIF($A$2:A811,A811)>1,"Duplicate","Unique") -> Unique | Q811: =IF(G811<F811,"Expiry Error", IF(AND(M811="Cancelled",N811<>""),"Cancelled but Active", IF(J811>30,"Invalid Attendance","OK"))) -> Invalid Attendance | R811: =IF(N811="","Missing","Available") -> Available
A812: =TRIM(CLEAN(Raw_Data!A812)) -> MEM0811 | B812: =TRIM(CLEAN(Raw_Data!B812)) -> Anjali Malhotra | C812: =_xlfn.XLOOKUP(D812, Branch_Master!A:A, Branch_Master!B:B) -> Bangalore | D812: =TRIM(CLEAN(Raw_Data!D812)) -> BR02 | E812: =PROPER(TRIM(Raw_Data!E812)) -> Premium | F812: =IFERROR(DATEVALUE(Raw_Data!F812), Raw_Data!F812) -> 45155 | G812: =IFERROR( IF( IFERROR(DATEVALUE(Raw_Data!G812), Raw_Data!G812) < IFERROR(DATEVALUE(Raw_Data!F812), Raw_Data!F812), IFERROR(DATEVALUE(Raw_Data!F812), Raw_Data!F812) + 30, IFERROR(DATEVALUE(Raw_Data!G812), Raw_Data!G812) ), "" ) -> 45245 | H812: =IFERROR(VALUE(Raw_Data!H812), "") -> 2000 | I812: =IFERROR(VALUE(Raw_Data!I812), "") -> 24000 | J812: =IFERROR( VALUE(SUBSTITUTE(Raw_Data!J812," visits","")), "" ) | K812: =TRIM(CLEAN(Raw_Data!K812)) -> No | L812: =TRIM(CLEAN(Raw_Data!L812)) -> Muscle Gain | M812: =TRIM(CLEAN(Raw_Data!M812)) -> Cancelled | N812: =TRIM(CLEAN(Raw_Data!N812)) -> 45535 | P812: =IF(COUNTIF($A$2:A812,A812)>1,"Duplicate","Unique") -> Unique | Q812: =IF(G812<F812,"Expiry Error", IF(AND(M812="Cancelled",N812<>""),"Cancelled but Active", IF(J812>30,"Invalid Attendance","OK"))) -> Cancelled but Active | R812: =IF(N812="","Missing","Available") -> Available
A813: =TRIM(CLEAN(Raw_Data!A813)) -> MEM0812 | B813: =TRIM(CLEAN(Raw_Data!B813)) -> Arjun Nair | C813: =_xlfn.XLOOKUP(D813, Branch_Master!A:A, Branch_Master!B:B) -> Kochi | D813: =TRIM(CLEAN(Raw_Data!D813)) -> BR01 | E813: =PROPER(TRIM(Raw_Data!E813)) -> Premium | F813: =IFERROR(DATEVALUE(Raw_Data!F813), Raw_Data!F813) -> 45951 | G813: =IFERROR( IF( IFERROR(DATEVALUE(Raw_Data!G813), Raw_Data!G813) < IFERROR(DATEVALUE(Raw_Data!F813), Raw_Data!F813), IFERROR(DATEVALUE(Raw_Data!F813), Raw_Data!F813) + 30, IFERROR(DATEVALUE(Raw_Data!G813), Raw_Data!G813) ), "" ) -> 45981 | H813: =IFERROR(VALUE(Raw_Data!H813), "") -> 2000 | I813: =IFERROR(VALUE(Raw_Data!I813), "") -> 10000 | J813: =IFERROR( VALUE(SUBSTITUTE(Raw_Data!J813," visits","")), "" ) | K813: =TRIM(CLEAN(Raw_Data!K813)) -> No | L813: =TRIM(CLEAN(Raw_Data!L813)) -> General Fitness | M813: =TRIM(CLEAN(Raw_Data!M813)) -> Cancelled | N813: =TRIM(CLEAN(Raw_Data!N813)) -> 46031 | P813: =IF(COUNTIF($A$2:A813,A813)>1,"Duplicate","Unique") -> Unique | Q813: =IF(G813<F813,"Expiry Error", IF(AND(M813="Cancelled",N813<>""),"Cancelled but Active", IF(J813>30,"Invalid Attendance","OK"))) -> Cancelled but Active | R813: =IF(N813="","Missing","Available") -> Available
... A819: =TRIM(CLEAN(Raw_Data!A819)) -> MEM0818 | B819: =TRIM(CLEAN(Raw_Data!B819)) -> Nikhil Malhotra | C819: =_xlfn.XLOOKUP(D819, Branch_Master!A:A, Branch_Master!B:B) -> Trivandrum | D819: =TRIM(CLEAN(Raw_Data!D819)) -> BR06 | E819: =PROPER(TRIM(Raw_Data!E819)) -> Premium | F819: =IFERROR(DATEVALUE(Raw_Data!F819), Raw_Data!F819) -> 45592 | G819: =IFERROR( IF( IFERROR(DATEVALUE(Raw_Data!G819), Raw_Data!G819) < IFERROR(DATEVALUE(Raw_Data!F819), Raw_Data!F819), IFERROR(DATEVALUE(Raw_Data!F819), Raw_Data!F819) + 30, IFERROR(DATEVALUE(Raw_Data!G819), Raw_Data!G819) ), "" ) -> 45957 | H819: =IFERROR(VALUE(Raw_Data!H819), "") -> 3500 | I819: =IFERROR(VALUE(Raw_Data!I819), "") -> 10500 | J819: =IFERROR( VALUE(SUBSTITUTE(Raw_Data!J819," visits","")), "" ) | K819: =TRIM(CLEAN(Raw_Data!K819)) -> Yes | L819: =TRIM(CLEAN(Raw_Data!L819)) -> Muscle Gain | M819: =TRIM(CLEAN(Raw_Data!M819)) -> Cancelled | N819: =TRIM(CLEAN(Raw_Data!N819)) -> 46059 | P819: =IF(COUNTIF($A$2:A819,A819)>1,"Duplicate","Unique") -> Unique | Q819: =IF(G819<F819,"Expiry Error", IF(AND(M819="Cancelled",N819<>""),"Cancelled but Active", IF(J819>30,"Invalid Attendance","OK"))) -> Cancelled but Active | R819: =IF(N819="","Missing","Available") -> Available

Sheet Fact_Membership
A1: Member ID | B1: Branch ID | C1: Membership Type | D1: Join Date | E1: Expiry Date | F1: Monthly Fee | G1: Total Payments | H1: Attendance | I1: Status | J1: Last Visit Date | K1: Member Segmentation | L1: Duplicate flag | M1: Joined Month | N1: Effective Last Activity Date | O1: Months since Join | P1: Recency | Q1: R Score | R1: F Score | S1: M Score | T1: RFM Score | U1: Customer Ranking
A2: =Cleaned_Data!A2 -> MEM0001 | B2: =Cleaned_Data!D2 -> BR07 | C2: =Cleaned_Data!E2 -> Premium | D2: =Cleaned_Data!F2 -> 45630 | E2: =Cleaned_Data!G2 -> 45660 | F2: =Cleaned_Data!H2 -> 1000 | G2: =Cleaned_Data!I2 -> 8000 | H2: =Cleaned_Data!J2 -> 18 | I2: =Cleaned_Data!M2 -> Active | J2: =Cleaned_Data!N2 -> 46022 | K2: =IF(H2<5,"At Risk", IF(H2<15,"Moderate", "Highly Active")) -> Highly Active | L2: =IF(COUNTIF($A$2:A2,A2)>1,"Duplicate","Unique") -> Unique | M2: =TEXT(D2,"YYYY-MM") -> 2024-12 | N2: =IFERROR( IF( J2<>"", IF(J2>=D2, J2, D2), IF( I2="Active", TODAY(), IF(E2>=D2, E2, D2) ) ), D2 ) -> 46022 | O2: =IFERROR( IF(N2>=D2, DATEDIF(D2, N2, "M"), 0 ), 0 ) -> 12 | P2: =TODAY() - N2 -> 107 | Q2: =IF(P2<=30,5, IF(P2<=90,4, IF(P2<=180,3, IF(P2<=365,2,1)))) -> 3 | R2: =IF(H2>=20,5, IF(H2>=15,4, IF(H2>=10,3, IF(H2>=5,2,1)))) -> 4 | S2: =IF(G2>=20000,5, IF(G2>=10000,4, IF(G2>=5000,3, IF(G2>=2000,2,1)))) -> 3 | T2: =Q2 & R2 & S2 -> 343 | U2: =IF(AND(Q2>=4,R2>=4,S2>=4),"Champion", IF(AND(Q2>=3,R2>=3,S2>=3),"Loyal", IF(Q2<=2,"At Risk", "Others"))) -> Loyal
A3: =Cleaned_Data!A3 -> MEM0002 | B3: =Cleaned_Data!D3 -> BR01 | C3: =Cleaned_Data!E3 -> Basic | D3: =Cleaned_Data!F3 -> 45446 | E3: =Cleaned_Data!G3 -> 45536 | F3: =Cleaned_Data!H3 -> 3500 | G3: =Cleaned_Data!I3 -> 17500 | H3: =Cleaned_Data!J3 -> 0 | I3: =Cleaned_Data!M3 -> Cancelled | J3: =Cleaned_Data!N3 -> 46050 | K3: =IF(H3<5,"At Risk", IF(H3<15,"Moderate", "Highly Active")) -> At Risk | L3: =IF(COUNTIF($A$2:A3,A3)>1,"Duplicate","Unique") -> Unique | M3: =TEXT(D3,"YYYY-MM") -> 2024-06 | N3: =IF(J3<>"", J3, IF(I3="Active", TODAY(), E3) ) -> 46050 | O3: =IFERROR( IF(N3>=D3, DATEDIF(D3, N3, "M"), 0 ), 0 ) -> 19 | P3: =TODAY() - N3 -> 79 | Q3: =IF(P3<=30,5, IF(P3<=90,4, IF(P3<=180,3, IF(P3<=365,2,1)))) -> 4 | R3: =IF(H3>=20,5, IF(H3>=15,4, IF(H3>=10,3, IF(H3>=5,2,1)))) -> 1 | S3: =IF(G3>=20000,5, IF(G3>=10000,4, IF(G3>=5000,3, IF(G3>=2000,2,1)))) -> 4 | T3: =Q3 & R3 & S3 -> 414 | U3: =IF(AND(Q3>=4,R3>=4,S3>=4),"Champion", IF(AND(Q3>=3,R3>=3,S3>=3),"Loyal", IF(Q3<=2,"At Risk", "Others"))) -> Others
A4: =Cleaned_Data!A4 -> MEM0003 | B4: =Cleaned_Data!D4 -> BR05 | C4: =Cleaned_Data!E4 -> Premium | D4: =Cleaned_Data!F4 -> 44945 | E4: =Cleaned_Data!G4 -> 45035 | F4: =Cleaned_Data!H4 -> 3500 | G4: =Cleaned_Data!I4 -> 42000 | H4: =Cleaned_Data!J4 -> 1 | I4: =Cleaned_Data!M4 -> Cancelled | J4: =Cleaned_Data!N4 -> 45257 | K4: =IF(H4<5,"At Risk", IF(H4<15,"Moderate", "Highly Active")) -> At Risk | L4: =IF(COUNTIF($A$2:A4,A4)>1,"Duplicate","Unique") -> Unique | M4: =TEXT(D4,"YYYY-MM") -> 2023-01 | N4: =IF(J4<>"", J4, IF(I4="Active", TODAY(), E4) ) -> 45257 | O4: =IFERROR( IF(N4>=D4, DATEDIF(D4, N4, "M"), 0 ), 0 ) -> 10 | P4: =TODAY() - N4 -> 872 | Q4: =IF(P4<=30,5, IF(P4<=90,4, IF(P4<=180,3, IF(P4<=365,2,1)))) -> 1 | R4: =IF(H4>=20,5, IF(H4>=15,4, IF(H4>=10,3, IF(H4>=5,2,1)))) -> 1 | S4: =IF(G4>=20000,5, IF(G4>=10000,4, IF(G4>=5000,3, IF(G4>=2000,2,1)))) -> 5 | T4: =Q4 & R4 & S4 -> 115 | U4: =IF(AND(Q4>=4,R4>=4,S4>=4),"Champion", IF(AND(Q4>=3,R4>=3,S4>=3),"Loyal", IF(Q4<=2,"At Risk", "Others"))) -> At Risk
A5: =Cleaned_Data!A5 -> MEM0004 | B5: =Cleaned_Data!D5 -> BR04 | C5: =Cleaned_Data!E5 -> Premium | D5: =Cleaned_Data!F5 -> 45342 | E5: =Cleaned_Data!G5 -> 45432 | F5: =Cleaned_Data!H5 -> 3500 | G5: =Cleaned_Data!I5 -> 14000 | H5: =Cleaned_Data!J5 -> 13 | I5: =Cleaned_Data!M5 -> Active | J5: =Cleaned_Data!N5 -> 45937 | K5: =IF(H5<5,"At Risk", IF(H5<15,"Moderate", "Highly Active")) -> Moderate | L5: =IF(COUNTIF($A$2:A5,A5)>1,"Duplicate","Unique") -> Unique | M5: =TEXT(D5,"YYYY-MM") -> 2024-02 | N5: =IF(J5<>"", J5, IF(I5="Active", TODAY(), E5) ) -> 45937 | O5: =IFERROR( IF(N5>=D5, DATEDIF(D5, N5, "M"), 0 ), 0 ) -> 19 | P5: =TODAY() - N5 -> 192 | Q5: =IF(P5<=30,5, IF(P5<=90,4, IF(P5<=180,3, IF(P5<=365,2,1)))) -> 2 | R5: =IF(H5>=20,5, IF(H5>=15,4, IF(H5>=10,3, IF(H5>=5,2,1)))) -> 3 | S5: =IF(G5>=20000,5, IF(G5>=10000,4, IF(G5>=5000,3, IF(G5>=2000,2,1)))) -> 4 | T5: =Q5 & R5 & S5 -> 234 | U5: =IF(AND(Q5>=4,R5>=4,S5>=4),"Champion", IF(AND(Q5>=3,R5>=3,S5>=3),"Loyal", IF(Q5<=2,"At Risk", "Others"))) -> At Risk
A6: =Cleaned_Data!A6 -> MEM0005 | B6: =Cleaned_Data!D6 -> BR04 | C6: =Cleaned_Data!E6 -> Standard | D6: =Cleaned_Data!F6 -> 45891 | E6: =Cleaned_Data!G6 -> 46256 | F6: =Cleaned_Data!H6 -> 1000 | G6: =Cleaned_Data!I6 -> 6000 | H6: =Cleaned_Data!J6 -> 20 | I6: =Cleaned_Data!M6 -> Active | J6: =Cleaned_Data!N6 -> 45960 | K6: =IF(H6<5,"At Risk", IF(H6<15,"Moderate", "Highly Active")) -> Highly Active | L6: =IF(COUNTIF($A$2:A6,A6)>1,"Duplicate","Unique") -> Unique | M6: =TEXT(D6,"YYYY-MM") -> 2025-08 | N6: =IF(J6<>"", J6, IF(I6="Active", TODAY(), E6) ) -> 45960 | O6: =IFERROR( IF(N6>=D6, DATEDIF(D6, N6, "M"), 0 ), 0 ) -> 2 | P6: =TODAY() - N6 -> 169 | Q6: =IF(P6<=30,5, IF(P6<=90,4, IF(P6<=180,3, IF(P6<=365,2,1)))) -> 3 | R6: =IF(H6>=20,5, IF(H6>=15,4, IF(H6>=10,3, IF(H6>=5,2,1)))) -> 5 | S6: =IF(G6>=20000,5, IF(G6>=10000,4, IF(G6>=5000,3, IF(G6>=2000,2,1)))) -> 3 | T6: =Q6 & R6 & S6 -> 353 | U6: =IF(AND(Q6>=4,R6>=4,S6>=4),"Champion", IF(AND(Q6>=3,R6>=3,S6>=3),"Loyal", IF(Q6<=2,"At Risk", "Others"))) -> Loyal
A7: =Cleaned_Data!A7 -> MEM0006 | B7: =Cleaned_Data!D7 -> BR03 | C7: =Cleaned_Data!E7 -> Standard | D7: =Cleaned_Data!F7 -> 45669 | E7: =Cleaned_Data!G7 -> 46034 | F7: =Cleaned_Data!H7 -> 3500 | G7: =Cleaned_Data!I7 -> 31500 | H7: =Cleaned_Data!J7 -> 1 | I7: =Cleaned_Data!M7 -> Cancelled | J7: =Cleaned_Data!N7 -> 46011 | K7: =IF(H7<5,"At Risk", IF(H7<15,"Moderate", "Highly Active")) -> At Risk | L7: =IF(COUNTIF($A$2:A7,A7)>1,"Duplicate","Unique") -> Unique | M7: =TEXT(D7,"YYYY-MM") -> 2025-01 | N7: =IF(J7<>"", J7, IF(I7="Active", TODAY(), E7) ) -> 46011 | O7: =IFERROR( IF(N7>=D7, DATEDIF(D7, N7, "M"), 0 ), 0 ) -> 11 | P7: =TODAY() - N7 -> 118 | Q7: =IF(P7<=30,5, IF(P7<=90,4, IF(P7<=180,3, IF(P7<=365,2,1)))) -> 3 | R7: =IF(H7>=20,5, IF(H7>=15,4, IF(H7>=10,3, IF(H7>=5,2,1)))) -> 1 | S7: =IF(G7>=20000,5, IF(G7>=10000,4, IF(G7>=5000,3, IF(G7>=2000,2,1)))) -> 5 | T7: =Q7 & R7 & S7 -> 315 | U7: =IF(AND(Q7>=4,R7>=4,S7>=4),"Champion", IF(AND(Q7>=3,R7>=3,S7>=3),"Loyal", IF(Q7<=2,"At Risk", "Others"))) -> Others
A8: =Cleaned_Data!A8 -> MEM0007 | B8: =Cleaned_Data!D8 -> BR01 | C8: =Cleaned_Data!E8 -> Standard | D8: =Cleaned_Data!F8 -> 45116 | E8: =Cleaned_Data!G8 -> 45146 | F8: =Cleaned_Data!H8 -> 3500 | G8: =Cleaned_Data!I8 -> 17500 | H8: =Cleaned_Data!J8 -> 7 | I8: =Cleaned_Data!M8 -> Active | J8: =Cleaned_Data!N8 -> 45649 | K8: =IF(H8<5,"At Risk", IF(H8<15,"Moderate", "Highly Active")) -> Moderate | L8: =IF(COUNTIF($A$2:A8,A8)>1,"Duplicate","Unique") -> Unique | M8: =TEXT(D8,"YYYY-MM") -> 2023-07 | N8: =IF(J8<>"", J8, IF(I8="Active", TODAY(), E8) ) -> 45649 | O8: =IFERROR( IF(N8>=D8, DATEDIF(D8, N8, "M"), 0 ), 0 ) -> 17 | P8: =TODAY() - N8 -> 480 | Q8: =IF(P8<=30,5, IF(P8<=90,4, IF(P8<=180,3, IF(P8<=365,2,1)))) -> 1 | R8: =IF(H8>=20,5, IF(H8>=15,4, IF(H8>=10,3, IF(H8>=5,2,1)))) -> 2 | S8: =IF(G8>=20000,5, IF(G8>=10000,4, IF(G8>=5000,3, IF(G8>=2000,2,1)))) -> 4 | T8: =Q8 & R8 & S8 -> 124 | U8: =IF(AND(Q8>=4,R8>=4,S8>=4),"Champion", IF(AND(Q8>=3,R8>=3,S8>=3),"Loyal", IF(Q8<=2,"At Risk", "Others"))) -> At Risk
A9: =Cleaned_Data!A9 -> MEM0008 | B9: =Cleaned_Data!D9 -> BR01 | C9: =Cleaned_Data!E9 -> Standard | D9: =Cleaned_Data!F9 -> 45986 | E9: =Cleaned_Data!G9 -> 46076 | F9: =Cleaned_Data!H9 -> 1000 | G9: =Cleaned_Data!I9 -> 3000 | H9: =Cleaned_Data!J9 -> 8 | I9: =Cleaned_Data!M9 -> Active | J9: =Cleaned_Data!N9 -> 46071 | K9: =IF(H9<5,"At Risk", IF(H9<15,"Moderate", "Highly Active")) -> Moderate | L9: =IF(COUNTIF($A$2:A9,A9)>1,"Duplicate","Unique") -> Unique | M9: =TEXT(D9,"YYYY-MM") -> 2025-11 | N9: =IF(J9<>"", J9, IF(I9="Active", TODAY(), E9) ) -> 46071 | O9: =IFERROR( IF(N9>=D9, DATEDIF(D9, N9, "M"), 0 ), 0 ) -> 2 | P9: =TODAY() - N9 -> 58 | Q9: =IF(P9<=30,5, IF(P9<=90,4, IF(P9<=180,3, IF(P9<=365,2,1)))) -> 4 | R9: =IF(H9>=20,5, IF(H9>=15,4, IF(H9>=10,3, IF(H9>=5,2,1)))) -> 2 | S9: =IF(G9>=20000,5, IF(G9>=10000,4, IF(G9>=5000,3, IF(G9>=2000,2,1)))) -> 2 | T9: =Q9 & R9 & S9 -> 422 | U9: =IF(AND(Q9>=4,R9>=4,S9>=4),"Champion", IF(AND(Q9>=3,R9>=3,S9>=3),"Loyal", IF(Q9<=2,"At Risk", "Others"))) -> Others
A10: =Cleaned_Data!A10 -> MEM0009 | B10: =Cleaned_Data!D10 -> BR06 | C10: =Cleaned_Data!E10 -> Premium | D10: =Cleaned_Data!F10 -> 45552 | E10: =Cleaned_Data!G10 -> 45582 | F10: =Cleaned_Data!H10 -> 2000 | G10: =Cleaned_Data!I10 -> 4000 | H10: =Cleaned_Data!J10 -> 14 | I10: =Cleaned_Data!M10 -> Active | J10: =Cleaned_Data!N10 -> 45846 | K10: =IF(H10<5,"At Risk", IF(H10<15,"Moderate", "Highly Active")) -> Moderate | L10: =IF(COUNTIF($A$2:A10,A10)>1,"Duplicate","Unique") -> Unique | M10: =TEXT(D10,"YYYY-MM") -> 2024-09 | N10: =IF(J10<>"", J10, IF(I10="Active", TODAY(), E10) ) -> 45846 | O10: =IFERROR( IF(N10>=D10, DATEDIF(D10, N10, "M"), 0 ), 0 ) -> 9 | P10: =TODAY() - N10 -> 283 | Q10: =IF(P10<=30,5, IF(P10<=90,4, IF(P10<=180,3, IF(P10<=365,2,1)))) -> 2 | R10: =IF(H10>=20,5, IF(H10>=15,4, IF(H10>=10,3, IF(H10>=5,2,1)))) -> 3 | S10: =IF(G10>=20000,5, IF(G10>=10000,4, IF(G10>=5000,3, IF(G10>=2000,2,1)))) -> 2 | T10: =Q10 & R10 & S10 -> 232 | U10: =IF(AND(Q10>=4,R10>=4,S10>=4),"Champion", IF(AND(Q10>=3,R10>=3,S10>=3),"Loyal", IF(Q10<=2,"At Risk", "Others"))) -> At Risk
A11: =Cleaned_Data!A11 -> MEM0010 | B11: =Cleaned_Data!D11 -> BR03 | C11: =Cleaned_Data!E11 -> Basic | D11: =Cleaned_Data!F11 -> 45390 | E11: =Cleaned_Data!G11 -> 45420 | F11: =Cleaned_Data!H11 -> 3500 | G11: =Cleaned_Data!I11 -> 24500 | H11: =Cleaned_Data!J11 -> 15 | I11: =Cleaned_Data!M11 -> Active | J11: =Cleaned_Data!N11 -> 45926 | K11: =IF(H11<5,"At Risk", IF(H11<15,"Moderate", "Highly Active")) -> Highly Active | L11: =IF(COUNTIF($A$2:A11,A11)>1,"Duplicate","Unique") -> Unique | M11: =TEXT(D11,"YYYY-MM") -> 2024-04 | N11: =IF(J11<>"", J11, IF(I11="Active", TODAY(), E11) ) -> 45926 | O11: =IFERROR( IF(N11>=D11, DATEDIF(D11, N11, "M"), 0 ), 0 ) -> 17 | P11: =TODAY() - N11 -> 203 | Q11: =IF(P11<=30,5, IF(P11<=90,4, IF(P11<=180,3, IF(P11<=365,2,1)))) -> 2 | R11: =IF(H11>=20,5, IF(H11>=15,4, IF(H11>=10,3, IF(H11>=5,2,1)))) -> 4 | S11: =IF(G11>=20000,5, IF(G11>=10000,4, IF(G11>=5000,3, IF(G11>=2000,2,1)))) -> 5 | T11: =Q11 & R11 & S11 -> 245 | U11: =IF(AND(Q11>=4,R11>=4,S11>=4),"Champion", IF(AND(Q11>=3,R11>=3,S11>=3),"Loyal", IF(Q11<=2,"At Risk", "Others"))) -> At Risk
A12: =Cleaned_Data!A12 -> MEM0011 | B12: =Cleaned_Data!D12 -> BR01 | C12: =Cleaned_Data!E12 -> Standard | D12: =Cleaned_Data!F12 -> 45093 | E12: =Cleaned_Data!G12 -> 45458 | F12: =Cleaned_Data!H12 -> 2000 | G12: =Cleaned_Data!I12 -> 2000 | H12: =Cleaned_Data!J12 -> 23 | I12: =Cleaned_Data!M12 -> Active | J12: =Cleaned_Data!N12 -> 45535 | K12: =IF(H12<5,"At Risk", IF(H12<15,"Moderate", "Highly Active")) -> Highly Active | L12: =IF(COUNTIF($A$2:A12,A12)>1,"Duplicate","Unique") -> Unique | M12: =TEXT(D12,"YYYY-MM") -> 2023-06 | N12: =IF(J12<>"", J12, IF(I12="Active", TODAY(), E12) ) -> 45535 | O12: =IFERROR( IF(N12>=D12, DATEDIF(D12, N12, "M"), 0 ), 0 ) -> 14 | P12: =TODAY() - N12 -> 594 | Q12: =IF(P12<=30,5, IF(P12<=90,4, IF(P12<=180,3, IF(P12<=365,2,1)))) -> 1 | R12: =IF(H12>=20,5, IF(H12>=15,4, IF(H12>=10,3, IF(H12>=5,2,1)))) -> 5 | S12: =IF(G12>=20000,5, IF(G12>=10000,4, IF(G12>=5000,3, IF(G12>=2000,2,1)))) -> 2 | T12: =Q12 & R12 & S12 -> 152 | U12: =IF(AND(Q12>=4,R12>=4,S12>=4),"Champion", IF(AND(Q12>=3,R12>=3,S12>=3),"Loyal", IF(Q12<=2,"At Risk", "Others"))) -> At Risk
A13: =Cleaned_Data!A13 -> MEM0012 | B13: =Cleaned_Data!D13 -> BR06 | C13: =Cleaned_Data!E13 -> Basic | D13: =Cleaned_Data!F13 -> 45363 | E13: =Cleaned_Data!G13 -> 45728 | F13: =Cleaned_Data!H13 -> 2000 | G13: =Cleaned_Data!I13 -> 24000 | H13: =Cleaned_Data!J13 -> 14 | I13: =Cleaned_Data!M13 -> Active | J13: =Cleaned_Data!N13 -> 46031 | K13: =IF(H13<5,"At Risk", IF(H13<15,"Moderate", "Highly Active")) -> Moderate | L13: =IF(COUNTIF($A$2:A13,A13)>1,"Duplicate","Unique") -> Unique | M13: =TEXT(D13,"YYYY-MM") -> 2024-03 | N13: =IF(J13<>"", J13, IF(I13="Active", TODAY(), E13) ) -> 46031 | O13: =IFERROR( IF(N13>=D13, DATEDIF(D13, N13, "M"), 0 ), 0 ) -> 21 | P13: =TODAY() - N13 -> 98 | Q13: =IF(P13<=30,5, IF(P13<=90,4, IF(P13<=180,3, IF(P13<=365,2,1)))) -> 3 | R13: =IF(H13>=20,5, IF(H13>=15,4, IF(H13>=10,3, IF(H13>=5,2,1)))) -> 3 | S13: =IF(G13>=20000,5, IF(G13>=10000,4, IF(G13>=5000,3, IF(G13>=2000,2,1)))) -> 5 | T13: =Q13 & R13 & S13 -> 335 | U13: =IF(AND(Q13>=4,R13>=4,S13>=4),"Champion", IF(AND(Q13>=3,R13>=3,S13>=3),"Loyal", IF(Q13<=2,"At Risk", "Others"))) -> Loyal
A14: =Cleaned_Data!A14 -> MEM0013 | B14: =Cleaned_Data!D14 -> BR05 | C14: =Cleaned_Data!E14 -> Premium | D14: =Cleaned_Data!F14 -> 45518 | E14: =Cleaned_Data!G14 -> 45548 | F14: =Cleaned_Data!H14 -> 1000 | G14: =Cleaned_Data!I14 -> 2000 | H14: =Cleaned_Data!J14 -> 15 | I14: =Cleaned_Data!M14 -> Active | J14: =Cleaned_Data!N14 -> 45895 | K14: =IF(H14<5,"At Risk", IF(H14<15,"Moderate", "Highly Active")) -> Highly Active | L14: =IF(COUNTIF($A$2:A14,A14)>1,"Duplicate","Unique") -> Unique | M14: =TEXT(D14,"YYYY-MM") -> 2024-08 | N14: =IF(J14<>"", J14, IF(I14="Active", TODAY(), E14) ) -> 45895 | O14: =IFERROR( IF(N14>=D14, DATEDIF(D14, N14, "M"), 0 ), 0 ) -> 12 | P14: =TODAY() - N14 -> 234 | Q14: =IF(P14<=30,5, IF(P14<=90,4, IF(P14<=180,3, IF(P14<=365,2,1)))) -> 2 | R14: =IF(H14>=20,5, IF(H14>=15,4, IF(H14>=10,3, IF(H14>=5,2,1)))) -> 4 | S14: =IF(G14>=20000,5, IF(G14>=10000,4, IF(G14>=5000,3, IF(G14>=2000,2,1)))) -> 2 | T14: =Q14 & R14 & S14 -> 242 | U14: =IF(AND(Q14>=4,R14>=4,S14>=4),"Champion", IF(AND(Q14>=3,R14>=3,S14>=3),"Loyal", IF(Q14<=2,"At Risk", "Others"))) -> At Risk
... A819: =Cleaned_Data!A819 -> MEM0818 | B819: =Cleaned_Data!D819 -> BR06 | C819: =Cleaned_Data!E819 -> Premium | D819: =Cleaned_Data!F819 -> 45592 | E819: =Cleaned_Data!G819 -> 45957 | F819: =Cleaned_Data!H819 -> 3500 | G819: =Cleaned_Data!I819 -> 10500 | H819: =Cleaned_Data!J819 | I819: =Cleaned_Data!M819 -> Cancelled | J819: =Cleaned_Data!N819 -> 46059 | K819: =IF(H819<5,"At Risk", IF(H819<15,"Moderate", "Highly Active")) -> Highly Active | L819: =IF(COUNTIF($A$2:A819,A819)>1,"Duplicate","Unique") -> Unique | M819: =TEXT(D819,"YYYY-MM") -> 2024-10 | N819: =IF(J819<>"", J819, IF(I819="Active", TODAY(), E819) ) -> 46059 | O819: =IFERROR( IF(N819>=D819, DATEDIF(D819, N819, "M"), 0 ), 0 ) -> 15 | P819: =TODAY() - N819 -> 70 | Q819: =IF(P819<=30,5, IF(P819<=90,4, IF(P819<=180,3, IF(P819<=365,2,1)))) -> 4 | R819: =IF(H819>=20,5, IF(H819>=15,4, IF(H819>=10,3, IF(H819>=5,2,1)))) -> 5 | S819: =IF(G819>=20000,5, IF(G819>=10000,4, IF(G819>=5000,3, IF(G819>=2000,2,1)))) -> 4 | T819: =Q819 & R819 & S819 -> 454 | U819: =IF(AND(Q819>=4,R819>=4,S819>=4),"Champion", IF(AND(Q819>=3,R819>=3,S819>=3),"Loyal", IF(Q819<=2,"At Risk", "Others"))) -> Champion

Sheet Dim_Member
A1: Member ID | B1: Member Name | C1: City | D1: Workout Goal
A2: {=_xlfn.UNIQUE(_xlfn._xlws.FILTER(Cleaned_Data!A2:A999, Cleaned_Data!A2:A999<>""))} -> MEM0001 | B2: =_xlfn.XLOOKUP(A2,Cleaned_Data!A:A,Cleaned_Data!B:B) -> Karthik Joshi | C2: =_xlfn.XLOOKUP(A2,Cleaned_Data!A:A,Cleaned_Data!C:C) -> Calicut | D2: =_xlfn.XLOOKUP(A2,Cleaned_Data!A:A,Cleaned_Data!L:L) -> Weight Loss
A3: MEM0002 | B3: =_xlfn.XLOOKUP(A3,Cleaned_Data!A:A,Cleaned_Data!B:B) -> Meera George | C3: =_xlfn.XLOOKUP(A3,Cleaned_Data!A:A,Cleaned_Data!C:C) -> Kochi | D3: =_xlfn.XLOOKUP(A3,Cleaned_Data!A:A,Cleaned_Data!L:L) -> Muscle Gain
A4: MEM0003 | B4: =_xlfn.XLOOKUP(A4,Cleaned_Data!A:A,Cleaned_Data!B:B) -> Fatima Das | C4: =_xlfn.XLOOKUP(A4,Cleaned_Data!A:A,Cleaned_Data!C:C) -> Mumbai | D4: =_xlfn.XLOOKUP(A4,Cleaned_Data!A:A,Cleaned_Data!L:L) -> Weight Loss
A5: MEM0004 | B5: =_xlfn.XLOOKUP(A5,Cleaned_Data!A:A,Cleaned_Data!B:B) -> Priya D’Souza | C5: =_xlfn.XLOOKUP(A5,Cleaned_Data!A:A,Cleaned_Data!C:C) -> Hyderabad | D5: =_xlfn.XLOOKUP(A5,Cleaned_Data!A:A,Cleaned_Data!L:L) -> Weight Loss
A6: MEM0005 | B6: =_xlfn.XLOOKUP(A6,Cleaned_Data!A:A,Cleaned_Data!B:B) -> Sanjay Patel | C6: =_xlfn.XLOOKUP(A6,Cleaned_Data!A:A,Cleaned_Data!C:C) -> Hyderabad | D6: =_xlfn.XLOOKUP(A6,Cleaned_Data!A:A,Cleaned_Data!L:L) -> Weight Loss
A7: MEM0006 | B7: =_xlfn.XLOOKUP(A7,Cleaned_Data!A:A,Cleaned_Data!B:B) -> Varun Yadav | C7: =_xlfn.XLOOKUP(A7,Cleaned_Data!A:A,Cleaned_Data!C:C) -> Chennai | D7: =_xlfn.XLOOKUP(A7,Cleaned_Data!A:A,Cleaned_Data!L:L) -> Weight Loss
A8: MEM0007 | B8: =_xlfn.XLOOKUP(A8,Cleaned_Data!A:A,Cleaned_Data!B:B) -> Zara Joshi | C8: =_xlfn.XLOOKUP(A8,Cleaned_Data!A:A,Cleaned_Data!C:C) -> Kochi | D8: =_xlfn.XLOOKUP(A8,Cleaned_Data!A:A,Cleaned_Data!L:L) -> Weight Loss
A9: MEM0008 | B9: =_xlfn.XLOOKUP(A9,Cleaned_Data!A:A,Cleaned_Data!B:B) -> Aditya Khan | C9: =_xlfn.XLOOKUP(A9,Cleaned_Data!A:A,Cleaned_Data!C:C) -> Kochi | D9: =_xlfn.XLOOKUP(A9,Cleaned_Data!A:A,Cleaned_Data!L:L) -> Muscle Gain
A10: MEM0009 | B10: =_xlfn.XLOOKUP(A10,Cleaned_Data!A:A,Cleaned_Data!B:B) -> Lakshmi Shetty | C10: =_xlfn.XLOOKUP(A10,Cleaned_Data!A:A,Cleaned_Data!C:C) -> Trivandrum | D10: =_xlfn.XLOOKUP(A10,Cleaned_Data!A:A,Cleaned_Data!L:L) -> General Fitness
A11: MEM0010 | B11: =_xlfn.XLOOKUP(A11,Cleaned_Data!A:A,Cleaned_Data!B:B) -> Pooja Iyer | C11: =_xlfn.XLOOKUP(A11,Cleaned_Data!A:A,Cleaned_Data!C:C) -> Chennai | D11: =_xlfn.XLOOKUP(A11,Cleaned_Data!A:A,Cleaned_Data!L:L) -> Muscle Gain
A12: MEM0011 | B12: =_xlfn.XLOOKUP(A12,Cleaned_Data!A:A,Cleaned_Data!B:B) -> Siddharth Shaikh | C12: =_xlfn.XLOOKUP(A12,Cleaned_Data!A:A,Cleaned_Data!C:C) -> Kochi | D12: =_xlfn.XLOOKUP(A12,Cleaned_Data!A:A,Cleaned_Data!L:L) -> General Fitness
A13: MEM0012 | B13: =_xlfn.XLOOKUP(A13,Cleaned_Data!A:A,Cleaned_Data!B:B) -> Ishita Nambiar | C13: =_xlfn.XLOOKUP(A13,Cleaned_Data!A:A,Cleaned_Data!C:C) -> Trivandrum | D13: =_xlfn.XLOOKUP(A13,Cleaned_Data!A:A,Cleaned_Data!L:L) -> Weight Loss
A14: MEM0013 | B14: =_xlfn.XLOOKUP(A14,Cleaned_Data!A:A,Cleaned_Data!B:B) -> Aditya Fernandes | C14: =_xlfn.XLOOKUP(A14,Cleaned_Data!A:A,Cleaned_Data!C:C) -> Mumbai | D14: =_xlfn.XLOOKUP(A14,Cleaned_Data!A:A,Cleaned_Data!L:L) -> General Fitness
... A801: MEM0800 | B801: =_xlfn.XLOOKUP(A801,Cleaned_Data!A:A,Cleaned_Data!B:B) -> Ayesha Agarwal | C801: =_xlfn.XLOOKUP(A801,Cleaned_Data!A:A,Cleaned_Data!C:C) -> Kochi | D801: =_xlfn.XLOOKUP(A801,Cleaned_Data!A:A,Cleaned_Data!L:L) -> Muscle Gain
A802: MEM0801
A803: MEM0802
A804: MEM0803
A805: MEM0804
A806: MEM0805
A807: MEM0806
A808: MEM0807
A809: MEM0808
A810: MEM0809
A811: MEM0810
A812: MEM0811
A813: MEM0812
... A819: MEM0818

Sheet Dim_Branch
A1: Branch ID | B1: City
A2: {=_xlfn.UNIQUE(_xlfn._xlws.FILTER(Cleaned_Data!D2:D999, Cleaned_Data!D2:D999<>""))} -> BR07 | B2: =_xlfn.XLOOKUP(A2,Cleaned_Data!D:D,Cleaned_Data!C:C) -> Calicut
A3: BR01 | B3: =_xlfn.XLOOKUP(A3,Cleaned_Data!D:D,Cleaned_Data!C:C) -> Kochi
A4: BR05 | B4: =_xlfn.XLOOKUP(A4,Cleaned_Data!D:D,Cleaned_Data!C:C) -> Mumbai
A5: BR04 | B5: =_xlfn.XLOOKUP(A5,Cleaned_Data!D:D,Cleaned_Data!C:C) -> Hyderabad
A6: BR03 | B6: =_xlfn.XLOOKUP(A6,Cleaned_Data!D:D,Cleaned_Data!C:C) -> Chennai
A7: BR06 | B7: =_xlfn.XLOOKUP(A7,Cleaned_Data!D:D,Cleaned_Data!C:C) -> Trivandrum
A8: BR02 | B8: =_xlfn.XLOOKUP(A8,Cleaned_Data!D:D,Cleaned_Data!C:C) -> Bangalore

Sheet Dim_Membership
A1: Membership Type | B1: Monthly Fee
A2: {=_xlfn.UNIQUE(_xlfn._xlws.FILTER(Cleaned_Data!E2:E999, Cleaned_Data!E2:E999<>""))} -> Premium | B2: =_xlfn.XLOOKUP(A2,Cleaned_Data!E:E,Cleaned_Data!H:H) -> 1000
A3: Basic | B3: =_xlfn.XLOOKUP(A3,Cleaned_Data!E:E,Cleaned_Data!H:H) -> 3500
A4: Standard | B4: =_xlfn.XLOOKUP(A4,Cleaned_Data!E:E,Cleaned_Data!H:H) -> 1000

Sheet KPI_Engine
A1: Total Revenue | B1: =SUMIFS(Fact_Membership!G:G, Fact_Membership!L:L, "Unique") -> 11739500
A2: Active Members | B2: =COUNTIFS(Fact_Membership!I:I, "Active", Fact_Membership!L:L,"Unique") -> 649
A3: Cancelled Members | B3: =COUNTIFS(Fact_Membership!I:I, "Cancelled", Fact_Membership!L:L, "Unique") -> 169
A4: Churn Rate | B4: =B3 / (B2 + B3) -> 0.20660147
A5: ARPU | B5: =AVERAGEIFS(Fact_Membership!F:F, Fact_Membership!L:L,"Unique", Fact_Membership!I:I,"Active") -> 2195.6857
A6: Avg Attendance | B6: =AVERAGEIFS(Fact_Membership!H:H, Fact_Membership!L:L, "Unique") -> 12.57625
A7: Low Engagement Members | B7: =COUNTIFS(Fact_Membership!H:H,"<5", Fact_Membership!L:L,"Unique") -> 153
A8: Highly Active Members | B8: =COUNTIFS(Fact_Membership!K:K,"Highly Active", Fact_Membership!L:L,"Unique") -> 354
A9: Engagement Rate | B9: =1 - (B7 / (B2+B3)) -> 0.81295844

Sheet Cohort Analysis
A1: Status | B1: Active
A3: Count of Member ID | B3: Months since Join
A4: Joined Month | B4: 0 | C4: 1 | D4: 2 | E4: 3 | F4: 4 | G4: 5 | H4: 6 | I4: 7 | J4: 8 | K4: 9 | L4: 10 | M4: 11 | N4: 12 | O4: 13 | P4: 14 | Q4: 15 | R4: 16 | S4: 17 | T4: 18 | U4: 19 | V4: 20 | W4: 21 | X4: 22 | Y4: 23 | Z4: 24 | AA4: 25 | AB4: 26 | AC4: 27 | AD4: 28 | AE4: 29 | AF4: 30 | AG4: 31 | AH4: 32 | AI4: 33 | AJ4: 34 | AK4: 37 | AL4: Grand Total
A5: 2023-01 | D5: 2 | J5: 1 | K5: 2 | P5: 1 | T5: 1 | X5: 1 | Y5: 1 | AA5: 1 | AD5: 3 | AF5: 1 | AI5: 3 | AL5: 17
A6: 2023-02 | B6: 2 | C6: 2 | E6: 1 | F6: 1 | W6: 1 | X6: 2 | AA6: 1 | AB6: 1 | AD6: 1 | AE6: 1 | AF6: 1 | AG6: 1 | AH6: 1 | AK6: 1 | AL6: 17
A7: 2023-03 | B7: 2 | C7: 1 | D7: 2 | E7: 1 | I7: 1 | N7: 1 | Q7: 1 | T7: 3 | AC7: 2 | AF7: 2 | AG7: 1 | AK7: 1 | AL7: 18
A8: o | F8: 1 | K8: 2 | M8: 1 | P8: 1 | R8: 1 | T8: 1 | V8: 1 | Y8: 1 | AA8: 1 | AB8: 1 | AC8: 1 | AD8: 1 | AF8: 1 | AI8: 1 | AL8: 15
A9: 2023-05 | B9: 2 | D9: 2 | F9: 1 | J9: 1 | L9: 1 | V9: 1 | W9: 1 | Z9: 2 | AD9: 1 | AH9: 1 | AJ9: 1 | AL9: 14
A10: 2023-06 | C10: 2 | D10: 1 | H10: 1 | O10: 1 | P10: 1 | T10: 1 | W10: 1 | Y10: 1 | AD10: 1 | AG10: 1 | AH10: 1 | AL10: 12
A11: 2023-07 | C11: 2 | D11: 1 | F11: 1 | M11: 1 | P11: 2 | S11: 1 | V11: 1 | X11: 1 | AC11: 1 | AE11: 1 | AG11: 1 | AL11: 13
A12: 2023-08 | B12: 1 | D12: 3 | H12: 1 | I12: 2 | L12: 1 | M12: 1 | N12: 1 | P12: 1 | T12: 1 | U12: 1 | AA12: 1 | AF12: 1 | AG12: 1 | AL12: 16
A13: 2023-09 | D13: 1 | E13: 1 | F13: 1 | K13: 1 | O13: 1 | P13: 1 | R13: 1 | S13: 2 | T13: 1 | V13: 1 | W13: 1 | Z13: 1 | AA13: 1 | AC13: 1 | AE13: 1 | AF13: 2 | AL13: 18
A14: 2023-10 | E14: 1 | I14: 1 | K14: 1 | L14: 2 | O14: 1 | P14: 1 | R14: 1 | V14: 1 | W14: 3 | AC14: 3 | AD14: 1 | AE14: 1 | AL14: 17
A15: 2023-11 | B15: 3 | C15: 1 | D15: 1 | H15: 1 | I15: 1 | J15: 1 | L15: 1 | N15: 1 | O15: 2 | P15: 2 | W15: 1 | X15: 1 | Z15: 1 | AA15: 1 | AB15: 3 | AE15: 1 | AL15: 22
A16: 2023-12 | B16: 1 | C16: 1 | E16: 1 | F16: 1 | G16: 2 | M16: 1 | O16: 1 | P16: 1 | Q16: 1 | U16: 1 | W16: 1 | Y16: 2 | Z16: 1 | AA16: 1 | AL16: 16
A17: 2024-01 | B17: 1 | F17: 1 | H17: 1 | J17: 1 | K17: 1 | L17: 1 | N17: 1 | O17: 1 | T17: 2 | AL17: 10
A18: 2024-02 | C18: 1 | D18: 1 | F18: 1 | G18: 1 | H18: 2 | I18: 2 | J18: 2 | M18: 2 | S18: 2 | U18: 1 | V18: 2 | X18: 2 | Y18: 2 | Z18: 2 | AL18: 23
A19: 2024-03 | B19: 2 | C19: 4 | D19: 2 | E19: 1 | F19: 1 | G19: 1 | M19: 1 | N19: 1 | O19: 1 | P19: 2 | R19: 1 | T19: 3 | U19: 1 | V19: 1 | W19: 1 | X19: 2 | Y19: 1 | AL19: 26
A20: 2024-04 | D20: 3 | E20: 1 | F20: 1 | J20: 1 | L20: 1 | M20: 1 | O20: 1 | Q20: 1 | S20: 2 | T20: 1 | U20: 1 | W20: 1 | X20: 1 | Z20: 1 | AL20: 17
A21: 2024-05 | B21: 3 | D21: 2 | G21: 1 | I21: 2 | J21: 1 | M21: 2 | O21: 1 | P21: 2 | R21: 2 | T21: 2 | U21: 3 | W21: 2 | AL21: 23
A22: 2024-06 | B22: 3 | C22: 1 | D22: 1 | F22: 1 | J22: 1 | K22: 2 | L22: 1 | N22: 3 | P22: 1 | Q22: 1 | S22: 2 | T22: 1 | AL22: 18
A23: 2024-07 | D23: 2 | F23: 1 | G23: 1 | H23: 1 | I23: 1 | J23: 1 | K23: 1 | L23: 1 | M23: 3 | N23: 2 | O23: 3 | P23: 2 | Q23: 1 | R23: 1 | S23: 2 | T23: 1 | AL23: 24
A24: 2024-08 | B24: 4 | G24: 2 | K24: 1 | L24: 1 | N24: 3 | O24: 1 | P24: 1 | Q24: 2 | S24: 2 | U24: 1 | AL24: 18
A25: 2024-09 | B25: 2 | C25: 2 | E25: 2 | F25: 1 | H25: 2 | I25: 2 | K25: 2 | M25: 1 | P25: 1 | S25: 3 | T25: 2 | AL25: 20
A26: 2024-10 | D26: 2 | E26: 2 | G26: 2 | H26: 3 | I26: 2 | K26: 1 | L26: 3 | M26: 1 | P26: 1 | T26: 1 | AL26: 18
A27: 2024-11 | B27: 1 | C27: 1 | E27: 3 | H27: 1 | I27: 1 | J27: 2 | K27: 1 | L27: 2 | M27: 1 | O27: 1 | P27: 2 | R27: 3 | AL27: 19
A28: 2024-12 | B28: 3 | C28: 3 | D28: 1 | F28: 1 | G28: 1 | H28: 2 | I28: 1 | J28: 1 | L28: 4 | N28: 1 | R28: 1 | AL28: 19
A29: 2025-01 | B29: 2 | D29: 1 | E29: 2 | G29: 1 | I29: 2 | J29: 4 | L29: 2 | O29: 2 | AL29: 16
A30: 2025-02 | B30: 1 | C30: 1 | D30: 2 | F30: 3 | H30: 5 | J30: 1 | L30: 1 | M30: 1 | O30: 1 | AL30: 16
A31: 2025-03 | B31: 2 | E31: 2 | F31: 2 | G31: 1 | H31: 2 | I31: 2 | K31: 1 | L31: 1 | M31: 1 | N31: 1 | AL31: 15
A32: 2025-04 | B32: 3 | C32: 4 | D32: 1 | E32: 2 | G32: 5 | I32: 2 | J32: 3 | K32: 5 | L32: 1 | AL32: 26
A33: 2025-05 | B33: 2 | C33: 2 | F33: 3 | G33: 1 | H33: 2 | J33: 1 | K33: 1 | L33: 3 | AL33: 15
A34: 2025-06 | C34: 4 | D34: 1 | E34: 1 | F34: 2 | G34: 3 | H34: 1 | I34: 1 | J34: 1 | AL34: 14
A35: 2025-07 | B35: 4 | C35: 2 | D35: 2 | E35: 3 | F35: 1 | H35: 4 | I35: 3 | J35: 2 | AL35: 21
A36: 2025-08 | B36: 2 | D36: 2 | E36: 2 | F36: 2 | G36: 2 | H36: 1 | AL36: 11
A37: 2025-09 | B37: 2 | C37: 3 | D37: 1 | F37: 1 | G37: 1 | I37: 2 | AL37: 10
A38: 2025-10 | B38: 4 | C38: 2 | D38: 2 | E38: 4 | F38: 1 | AL38: 13
A39: 2025-11 | B39: 2 | C39: 6 | D39: 3 | E39: 9 | F39: 3 | AL39: 23
A40: 2025-12 | B40: 2 | C40: 4 | D40: 6 | E40: 6 | AL40: 18
A41: 2026-01 | B41: 7 | C41: 8 | D41: 3 | AL41: 18
A42: Grand Total | B42: 63 | C42: 57 | D42: 51 | E42: 45 | F42: 32 | G42: 25 | H42: 30 | I42: 28 | J42: 25 | K42: 22 | L42: 27 | M42: 18 | N42: 15 | O42: 18 | P42: 23 | Q42: 7 | R42: 11 | S42: 16 | T42: 21 | U42: 9 | V42: 8 | W42: 13 | X42: 10 | Y42: 8 | Z42: 8 | AA42: 7 | AB42: 5 | AC42: 8 | AD42: 8 | AE42: 5 | AF42: 8 | AG42: 5 | AH42: 3 | AI42: 4 | AJ42: 1 | AK42: 2 | AL42: 646

Sheet RFM Analysis
A1: RFM Score | B1: Members | C1: Revenue | G1: Customer Ranking | H1: Members | I1: Revenue
A2: 555 | B2: 3 | C2: 91000 | G2: At Risk | H2: 500 | I2: 7247500
A3: 554 | B3: 4 | C3: 52000 | G3: Others | H3: 145 | I3: 1663500
A4: 553 | B4: 4 | C4: 27000 | G4: Loyal | H4: 122 | I4: 1909500
A5: 552 | B5: 1 | C5: 4000 | G5: Champion | H5: 51 | I5: 1212500
A6: 545 | B6: 5 | C6: 150000 | G6: Grand Total | H6: 818 | I6: 12033000
A7: 544 | B7: 3 | C7: 42500
A8: 543 | B8: 4 | C8: 32000
A9: 542 | B9: 5 | C9: 14000
A10: 535 | B10: 4 | C10: 143500
A11: 534 | B11: 2 | C11: 22500
A12: 533 | B12: 1 | C12: 8000
A13: 532 | B13: 3 | C13: 9500
A14: 525 | B14: 1 | C14: 28000
A15: 524 | B15: 4 | C15: 47500
A16: 523 | B16: 1 | C16: 6000
A17: 522 | B17: 4 | C17: 12000
A18: 521 | B18: 1 | C18: 1000
... A113: Grand Total | B113: 818 | C113: 12033000

Sheet Top-Bottom Product Analysis
A1: Membership Type | B1: Members | C1: Revenue | D1: Revenue Per Member
A2: Standard | B2: 284 | C2: 4408000 | D2: =C2/B2 -> 15521.127
A3: Premium | B3: 279 | C3: 3820000 | D3: =C3/B3 -> 13691.756
A4: Basic | B4: 255 | C4: 3805000 | D4: =C4/B4 -> 14921.569
A5: Grand Total | B5: 818 | C5: 12033000 | D5: =C5/B5 -> 14710.269
H21: one bar missing

Sheet Region-wise performance
A1: Branch ID | B1: Revenue | C1: Members | D1: Average of Attendance | E1: Branch Performance
A2: BR04 | B2: 2159500 | C2: 137 | D2: 13.335821 | E2: =B2/C2 -> 15762.774
A3: BR05 | B3: 1942000 | C3: 131 | D3: 11.914062 | E3: =B3/C3 -> 14824.427
A4: BR06 | B4: 1898000 | C4: 123 | D4: 12.508197 | E4: =B4/C4 -> 15430.894
A5: BR01 | B5: 1712500 | C5: 116 | D5: 12.236842 | E5: =B5/C5 -> 14762.931
A6: BR07 | B6: 1535000 | C6: 103 | D6: 12.284314 | E6: =B6/C6 -> 14902.913
A7: BR02 | B7: 1484500 | C7: 109 | D7: 12.326923 | E7: =B7/C7 -> 13619.266
A8: BR03 | B8: 1301500 | C8: 99 | D8: 13.46875 | E8: =B8/C8 -> 13146.465
A9: Grand Total | B9: 12033000 | C9: 818 | D9: 12.57625 | E9: =B9/C9 -> 14710.269

Sheet Forecasting Model
A1: Joined Month | B1: Actual Revenue | C1: Month index | D1: Moving average | E1: Forecast Revenue
A2: 2023-01 | B2: 247000 | C2: 1 | D2: =AVERAGE(B2:B4) -> 305000 | E2: =IF(B2="", _xlfn.FORECAST.LINEAR(C2, $B$2:$B$37, $C$2:$C$37), B2) -> 247000
A3: 2023-02 | B3: 343000 | C3: 2 | D3: =AVERAGE(B3:B5) -> 293833.33 | E3: =IF(B3="", _xlfn.FORECAST.LINEAR(C3, $B$2:$B$37, $C$2:$C$37), B3) -> 343000
A4: 2023-03 | B4: 325000 | C4: 3 | D4: =AVERAGE(B4:B6) -> 270000 | E4: =IF(B4="", _xlfn.FORECAST.LINEAR(C4, $B$2:$B$37, $C$2:$C$37), B4) -> 325000
A5: 2023-04 | B5: 213500 | C5: 4 | D5: =AVERAGE(B5:B7) -> 245500 | E5: =IF(B5="", _xlfn.FORECAST.LINEAR(C5, $B$2:$B$37, $C$2:$C$37), B5) -> 213500
A6: 2023-05 | B6: 271500 | C6: 5 | D6: =AVERAGE(B6:B8) -> 258666.67 | E6: =IF(B6="", _xlfn.FORECAST.LINEAR(C6, $B$2:$B$37, $C$2:$C$37), B6) -> 271500
A7: 2023-06 | B7: 251500 | C7: 6 | D7: =AVERAGE(B7:B9) -> 303000 | E7: =IF(B7="", _xlfn.FORECAST.LINEAR(C7, $B$2:$B$37, $C$2:$C$37), B7) -> 251500
A8: 2023-07 | B8: 253000 | C8: 7 | D8: =AVERAGE(B8:B10) -> 342833.33 | E8: =IF(B8="", _xlfn.FORECAST.LINEAR(C8, $B$2:$B$37, $C$2:$C$37), B8) -> 253000
A9: 2023-08 | B9: 404500 | C9: 8 | D9: =AVERAGE(B9:B11) -> 355333.33 | E9: =IF(B9="", _xlfn.FORECAST.LINEAR(C9, $B$2:$B$37, $C$2:$C$37), B9) -> 404500
A10: 2023-09 | B10: 371000 | C10: 9 | D10: =AVERAGE(B10:B12) -> 350333.33 | E10: =IF(B10="", _xlfn.FORECAST.LINEAR(C10, $B$2:$B$37, $C$2:$C$37), B10) -> 371000
A11: 2023-10 | B11: 290500 | C11: 10 | D11: =AVERAGE(B11:B13) -> 344666.67 | E11: =IF(B11="", _xlfn.FORECAST.LINEAR(C11, $B$2:$B$37, $C$2:$C$37), B11) -> 290500
A12: 2023-11 | B12: 389500 | C12: 11 | D12: =AVERAGE(B12:B14) -> 325333.33 | E12: =IF(B12="", _xlfn.FORECAST.LINEAR(C12, $B$2:$B$37, $C$2:$C$37), B12) -> 389500
A13: 2023-12 | B13: 354000 | C13: 12 | D13: =AVERAGE(B13:B15) -> 318833.33 | E13: =IF(B13="", _xlfn.FORECAST.LINEAR(C13, $B$2:$B$37, $C$2:$C$37), B13) -> 354000
... A38: 2026-01 | B38: 430000 | C38: 37 | D38: =AVERAGE(B38:B40) -> 430000 | E38: =IF(B38="", _xlfn.FORECAST.LINEAR(C38, $B$2:$B$37, $C$2:$C$37), B38) -> 430000
A39: 2026-02 | C39: 38 | E39: =IF(B39="", _xlfn.FORECAST.LINEAR(C39, $B$2:$B$37, $C$2:$C$37), B39) -> 321580.27
A40: 2026-03 | C40: 39 | E40: =IF(B40="", _xlfn.FORECAST.LINEAR(C40, $B$2:$B$37, $C$2:$C$37), B40) -> 321543.07
A41: 2026-04 | C41: 40 | E41: =IF(B41="", _xlfn.FORECAST.LINEAR(C41, $B$2:$B$37, $C$2:$C$37), B41) -> 321505.88
A42: 2026-05 | C42: 41 | E42: =IF(B42="", _xlfn.FORECAST.LINEAR(C42, $B$2:$B$37, $C$2:$C$37), B42) -> 321468.68
A43: 2026-06 | C43: 42 | E43: =IF(B43="", _xlfn.FORECAST.LINEAR(C43, $B$2:$B$37, $C$2:$C$37), B43) -> 321431.49
A44: 2026-07 | C44: 43 | E44: =IF(B44="", _xlfn.FORECAST.LINEAR(C44, $B$2:$B$37, $C$2:$C$37), B44) -> 321394.29

Sheet Dashboard
A1: Total Revenue | B1: Active Members | C1: Churn Rate | D1: ARPU | U1: Insights (Automated reporting)
A2: =KPI_Engine!B1 -> 11739500 | B2: =KPI_Engine!B2 -> 649 | C2: =KPI_Engine!B4 -> 0.20660147 | D2: =KPI_Engine!B5 -> 2195.6857 | U2: ="Top Branch: " & 'Region-wise performance'!A2 & " (" & TEXT('Region-wise performance'!B2,"₹#,##0") & ")" -> Top Branch: BR04 (₹2,159,500) | AE2: =IF(U8="Low",0.9, IF(U8="Medium",1, IF(U8="High",1.1))) -> 0.9
U3: ="Top Membership: " & 'Top-Bottom Product Analysis'!A2 -> Top Membership: Standard | AE3: =A2*AE2 -> 10565550
U4: ="Largest Customer Segment: " & 'RFM Analysis'!G2 -> Largest Customer Segment: At Risk | AE4: =(AE3 - A2) / A2 -> -0.1
U7: Scenario Analysis
U8: Low
U9: ="Scenario: " & U8 -> Scenario: Low | AI9: Branch ID | AJ9: Revenue | AK9: Members | AL9: Average of Attendance
U10: ="Projected Revenue: ₹" & TEXT(AE3,"#,##0") -> Projected Revenue: ₹10,565,550 | AI10: BR07 | AJ10: 1535000 | AK10: 103 | AL10: 12.284314
U11: ="Change: " & IF(AE4>0,"+","") & TEXT(AE4,"0%") -> Change: -10% | AI11: BR06 | AJ11: 1898000 | AK11: 123 | AL11: 12.508197
AI12: BR05 | AJ12: 1942000 | AK12: 131 | AL12: 11.914062
AI13: BR04 | AJ13: 2159500 | AK13: 137 | AL13: 13.335821
AI14: BR03 | AJ14: 1301500 | AK14: 99 | AL14: 13.46875
AI15: BR02 | AJ15: 1484500 | AK15: 109 | AL15: 12.326923
AI16: BR01 | AJ16: 1712500 | AK16: 116 | AL16: 12.236842
AI17: Grand Total | AJ17: 12033000 | AK17: 818 | AL17: 12.57625
